quiz_id,category,question,choice_a,choice_b,choice_c,correct_answer,explanation
Q001,"会社情報","山口産業株式会社の本社所在地はどこですか？","佐賀県多久市","福岡県福岡市","佐賀県佐賀市",A,"山口産業株式会社の本社は佐賀県多久市多久町3555-120にあります。"
Q002,"会社情報","山口産業株式会社の設立年はいつですか？","1972年","1976年","1980年",B,"山口産業株式会社は1976年12月25日に設立されました。創業は1972年4月1日です。"
Q003,"会社情報","山口産業株式会社のブランド名「Membry」の由来は何ですか？","Memory + Bright","Membrane + Brilliant","Member + Industry",B,"Membryは「Membrane（膜）」と「Brilliant（輝く）」を組み合わせた造語です。"
Q004,"会社情報","山口産業株式会社の2024年度売上高は約いくらですか？","約30億円","約42億円","約55億円",B,"2024年度7月期の売上高実績は42億2千万円です。"
Q005,"会社情報","山口産業株式会社の従業員数は約何人ですか？","約100人","約150人","約200人",B,"従業員数は148人（男116人、女32人）です。"
Q006,"会社情報","山口産業株式会社が取得しているISO認証はどれですか？","ISO14001","ISO9001","ISO27001",B,"山口産業株式会社は2003年5月にISO9001認証を取得しています。"
Q007,"会社情報","山口産業株式会社の代表者は誰ですか？","山口篤樹","山口太郎","山口健一",A,"山口産業株式会社の代表者は山口篤樹氏です。"
Q008,"会社情報","山口産業株式会社の資本金はいくらですか？","1千万円","2千万円","5千万円",B,"山口産業株式会社の資本金は2千万円です。"
Q009,"会社情報","山口産業株式会社の施工実績は何棟以上ですか？","1,000棟以上","2,000棟以上","3,000棟以上",B,"山口産業株式会社は2,000棟以上の施工実績があります。"
Q010,"会社情報","山口産業株式会社が取得した鉄骨製作工場の認定グレードは何ですか？","Sグレード","Mグレード","Hグレード",B,"2018年12月に鉄骨製作工場のMグレード認定を取得しています。"
Q011,"会社情報","山口産業株式会社のスローガンは何ですか？","膜で未来を創る","最前線に膜を張る","膜構造のパイオニア",B,"山口産業株式会社のスローガンは「最前線に膜を張る」です。"
Q012,"会社情報","山口産業株式会社の創業年はいつですか？","1970年","1972年","1975年",B,"山口産業株式会社の創業は1972年4月1日です。"
Q013,"会社情報","山口産業株式会社が持つ建設業の許可は何ですか？","一般建設業","特定建設業","簡易建設業",B,"山口産業株式会社は特定建設業の許可を取得しています。"
Q014,"会社情報","山口産業株式会社の全国営業所数は約いくつですか？","5営業所","9営業所","12営業所",B,"山口産業株式会社は全国に9営業所を展開しています。"
Q015,"会社情報","山口産業株式会社の工場数はいくつですか？","3工場","5工場","7工場",B,"山口産業株式会社は5工場を展開しています。"
Q016,"産業用製品","山口産業の規格化テント倉庫の商品名は何ですか？","スマートハウス","グリッドハウス","フレックスハウス",B,"規格化テント倉庫は「Grid House（グリッドハウス）」という商品名です。"
Q017,"産業用製品","グリッドハウスのサイズバリエーションは何種類以上ありますか？","20種類以上","33種類以上","50種類以上",B,"グリッドハウスは33種類以上のサイズバリエーションが用意されています。"
Q018,"産業用製品","グリッドハウスの共通軒高は何メートルですか？","4m","5m","6m",B,"グリッドハウスの軒高は全サイズ共通で5mです。"
Q019,"産業用製品","グリッドハウスの3つのPOINTに含まれないものはどれですか？","低コスト","短納期","大型化",C,"グリッドハウスの3つのPOINTは「低コスト」「短納期」「高品質」です。"
Q020,"産業用製品","テント倉庫の最大のメリットの一つは何ですか？","耐火性能","短納期・低コスト","防音性能",B,"テント倉庫は素材の特徴から短納期・低コストを両立できることが最大のメリットです。"
Q021,"産業用製品","スライド式テントの特徴は何ですか？","屋根が回転する","屋根が可動する","壁が開閉する",B,"スライド式テントは屋根が可動（スライド）する構造が特徴です。"
Q022,"産業用製品","伸縮式テントの特徴は何ですか？","高さが変わる","サイズ調整可能","色が変わる",B,"伸縮式テントはサイズを調整できる構造が特徴です。"
Q023,"産業用製品","テント上屋は主にどのような用途で使われますか？","住宅用","作業現場用","店舗用",B,"テント上屋は主に作業現場での使用を目的とした製品です。"
Q024,"産業用製品","コンビネーション膜構造とは何ですか？","複数色の膜","複合素材仕様","複数層の膜",B,"コンビネーション膜構造は複合素材を使用した仕様の製品です。"
Q025,"産業用製品","シート間仕切りの主な用途は何ですか？","装飾用","空間分割用","断熱用",B,"シート間仕切りは空間を分割するために使用されます。"
Q026,"産業用製品","INNOLIFTとは何ですか？","エレベーター","車載フォークリフト","クレーン",B,"INNOLIFTは車載フォークリフトの製品です。"
Q027,"産業用製品","山口産業のネット製品に含まれないものはどれですか？","防鳥ネット","防風ネット","防水ネット",C,"ネット製品には防鳥・防風・防球ネットがありますが、防水ネットはありません。"
Q028,"産業用製品","テント倉庫が地震に強い理由は何ですか？","基礎が深い","構造が軽量","壁が厚い",B,"膜構造は軽量のため、地震の際の揺れに強い構造となっています。"
Q029,"産業用製品","産業用テントの主要メリットは何種類紹介されていますか？","8種類","12種類","15種類",B,"産業用テントには12の主要メリットが紹介されています。"
Q030,"産業用製品","レンタルテントの主な用途は何ですか？","永続利用","期間限定利用","展示用",B,"レンタルテントは期間限定での利用を目的とした製品です。"
Q031,"農業・畜産用","山口産業の農業・畜産用製品に含まれないものはどれですか？","テント畜舎","堆肥舎","温室ハウス",C,"農業・畜産用製品には畜舎、堆肥舎、バイオマス施設、養殖施設がありますが、温室ハウスは含まれていません。"
Q032,"農業・畜産用","テント畜舎の最大の特徴は何ですか？","完全自動化","低価格で理想の畜舎を実現","移動が可能",B,"テント畜舎は膜構造の自由度により、低価格で理想の畜舎を実現できます。"
Q033,"農業・畜産用","バイオマス施設にテント構造を採用するメリットは何ですか？","耐熱性","大スパンでの建設が可能","防音性",B,"バイオマス施設では大スパンでの建設が可能で、大型機械の設置に対応できます。"
Q034,"農業・畜産用","陸上養殖施設の膜構造のメリットは何ですか？","高断熱性","低コストで高耐久性","完全密閉",B,"陸上養殖施設は低コストで高い耐久性を実現できます。"
Q035,"農業・畜産用","膜構造の畜舎が実現する屋内環境の特徴は何ですか？","暗い空間","明るい空間","音響効果",B,"膜素材は光を透過するため、明るい屋内空間を実現できます。"
Q036,"農業・畜産用","堆肥舎に膜構造が適している理由は何ですか？","臭気遮断","自由度と素材特性","発熱機能",B,"膜構造の自由度と素材の特性により、高効率で最適な堆肥舎の建設が可能です。"
Q037,"農業・畜産用","山口産業の農業向け製品の対応地域はどこですか？","九州地方のみ","日本全国","西日本のみ",B,"山口産業は約50年の技術を活かし、日本全国で対応しています。"
Q038,"農業・畜産用","農業用膜構造の施工期間の特徴は何ですか？","長期間","短期間","変動する",B,"膜構造は短期間での施工が可能です。"
Q039,"農業・畜産用","バイオマス施設で大開口出入口が必要な理由は何ですか？","換気のため","大型機械の搬入のため","採光のため",B,"バイオマス施設では大型機械の搬入・搬出のため、大開口出入口が設置されます。"
Q040,"農業・畜産用","農業用膜構造がコスト面で優れている理由は何ですか？","素材が安価","他工法より施工コストが低い","メンテナンス不要",B,"膜構造は他の工法に比べてコストパフォーマンスが良く、施工コストを抑えられます。"
Q041,"商業用製品","山口産業の商業用製品に含まれるドーム型製品は何ですか？","ドームテント","ドームハウス","ドームスペース",A,"商業用製品にはドームテントが含まれています。"
Q042,"商業用製品","球体テントの主な特徴は何ですか？","大容量収納","非日常的な空間演出","高断熱性",B,"球体テントは非日常的な空間演出ができることが特徴です。"
Q043,"商業用製品","シェードセイルの主な用途は何ですか？","雨除け","日差し・紫外線対策","防風",B,"シェードセイルは日差しや紫外線対策のために使用されます。"
Q044,"商業用製品","開閉式テントの特徴は何ですか？","壁が開閉する","屋根が開閉する","床が開閉する",B,"開閉式テントは気軽に屋根の開閉ができる製品です。"
Q045,"商業用製品","ふわふわコクーンは何用の製品ですか？","大人用休憩スペース","児童向け遊具","ペット用",B,"ふわふわコクーンは児童向け遊具として設計されています。"
Q046,"商業用製品","マルチブース Space+の設置時間は約何分ですか？","約15分","約30分","約60分",B,"マルチブース Space+は約30分で設置可能な休憩スペースです。"
Q047,"商業用製品","パラソル PROSTORの特徴は何ですか？","単一形状のみ","複数形状対応","自動開閉",B,"パラソル PROSTORは複数形状に対応したシェード製品です。"
Q048,"商業用製品","オーニングの特徴は何ですか？","軽量性のみ","機能性とデザイン性","耐火性のみ",B,"オーニングは機能性とデザイン性を兼ね備えた製品です。"
Q049,"商業用製品","スターシェードの特徴は何ですか？","伝統的デザイン","斬新なデザイン","無地デザイン",B,"スターシェードは斬新なデザインの日除け製品です。"
Q050,"商業用製品","サインの主な用途は何ですか？","室内装飾","集客用外部標識","案内板",B,"サインは集客用の外部標識として使用されます。"
Q051,"イベント製品","ヨーロピアンテントはどのようなイベントに最適ですか？","スポーツイベント","ウェディング","展示会",B,"ヨーロピアンテントは結婚式などの格式高いイベントに最適な仮設テントです。"
Q052,"イベント製品","スピアテントの名前の由来は何ですか？","速さ","槍のようなシャープなフォルム","強度",B,"スピアテントは槍（spear）のようにシャープなフォルムが特徴です。"
Q053,"イベント製品","ゆめテントの特徴は何ですか？","大型設計","ワンタッチ式で組み立て簡単","防水機能",B,"ゆめテントはワンタッチ式で組み立てと解体が楽なイベントテントです。"
Q054,"イベント製品","エアアーチの主な機能は何ですか？","日除け","存在感のある出入口を作る","照明",B,"エアアーチは存在感のある出入口を作り、イベント会場に活気を生み出します。"
Q055,"イベント製品","ヨーロピアンテントが演出できる空間は何に例えられていますか？","宮殿","映画のワンシーン","美術館",B,"ヨーロピアンテントは映画のワンシーンのような華やかな空間演出が可能です。"
Q056,"イベント製品","スピアテントの汎用性の特徴は何ですか？","屋内専用","大小さまざまなイベントに対応","野外専用",B,"スピアテントは大小さまざまなイベント規模に対応できます。"
Q057,"イベント製品","イベントテント製品は主に何種類ありますか？","3種類","4種類","5種類",B,"イベントテントは主に4種類（ヨーロピアン、スピア、ゆめ、エアアーチ）があります。"
Q058,"イベント製品","イベントテントの共通メリットに含まれるものはどれですか？","永久設置","建築の自由度","耐火性能",B,"イベントテントは多様な機能性、建築の自由度、大型化への対応などが共通メリットです。"
Q059,"膜構造・技術","膜構造建築の最大の特徴は何ですか？","重厚感","軽量で柔軟","高断熱",B,"膜構造建築は軽量で柔軟な設計が可能なことが最大の特徴です。"
Q060,"膜構造・技術","膜構造が地震に強い理由は何ですか？","基礎が深い","構造が軽量","補強材が多い",B,"膜構造は軽量のため、地震の際の揺れに対して安全性が高いです。"
Q061,"膜構造・技術","膜素材が屋内空間にもたらす効果は何ですか？","遮音効果","明るい空間","保温効果",B,"膜素材は光を透過するため、自然光を取り込んだ明るい屋内空間を実現します。"
Q062,"膜構造・技術","膜構造建築のコストパフォーマンスが良い理由は何ですか？","素材が最も安い","施工日数が短い","メンテナンス不要",B,"膜構造は施工日数が短く、総合的なコストパフォーマンスに優れています。"
Q063,"膜構造・技術","膜構造で大スパン建築が可能な理由は何ですか？","素材が硬い","構造が軽量","柱が多い",B,"膜構造は軽量のため、柱なしで大きな空間（大スパン）を覆うことができます。"
Q064,"膜構造・技術","膜構造のエネルギー効率が良い理由は何ですか？","発電機能","自然光の活用","蓄熱機能",B,"膜素材は光を透過するため、日中は照明なしでも明るく、エネルギー効率が良いです。"
Q065,"膜構造・技術","山口産業の膜構造技術の歴史は約何年ですか？","約30年","約50年","約70年",B,"山口産業は約50年の膜素材・テント倉庫製造技術を持っています。"
Q066,"膜構造・技術","膜構造建築の設計自由度が高い理由は何ですか？","規格が決まっている","素材が柔軟","自動設計",B,"膜素材は柔軟なため、様々な形状やサイズの建築が可能です。"
Q067,"膜構造・技術","膜構造建築の施工で重要な認証は何ですか？","ISO14001","ISO9001","ISO22000",B,"品質管理の認証としてISO9001が重要で、山口産業も取得しています。"
Q068,"膜構造・技術","膜構造の「多様な機能性」に含まれるものはどれですか？","発電機能","耐候性・透光性","自動洗浄",B,"膜構造は耐候性、透光性、軽量性など多様な機能を持っています。"
Q069,"膜構造・技術","膜構造建築の大型化が可能な理由は何ですか？","柱を増やせる","軽量で大スパン可能","素材が伸びる",B,"膜構造は軽量のため、大スパンでの建設が可能で大型化に対応できます。"
Q070,"膜構造・技術","膜構造のメンテナンス性の特徴は何ですか？","交換不可","部分交換可能","メンテナンス不要",B,"膜構造は部分的な交換や補修が可能で、メンテナンス性に優れています。"
Q071,"業界知識","テント倉庫の法的分類は何ですか？","仮設建築物","建築物","工作物",B,"テント倉庫は建築基準法上の建築物として扱われます。"
Q072,"業界知識","テント倉庫の主な用途は何ですか？","住居","倉庫・作業場","店舗",B,"テント倉庫は主に倉庫や作業場として使用されます。"
Q073,"業界知識","膜構造建築が普及し始めた時期はいつ頃ですか？","1950年代","1970年代","1990年代",B,"日本での膜構造建築は1970年代から普及が始まりました。"
Q074,"業界知識","テント倉庫の骨組みに使われる主な材料は何ですか？","木材","鉄骨","アルミ",B,"テント倉庫の骨組みには主に鉄骨が使用されます。"
Q075,"業界知識","膜構造建築の膜素材の主成分は何ですか？","綿","合成繊維","絹",B,"膜構造の膜素材は主に合成繊維で作られています。"
Q076,"業界知識","特定建設業の許可が必要な工事の規模はどのくらいですか？","500万円以上","4,500万円以上の下請発注","1億円以上",B,"4,500万円以上（建築一式は7,000万円以上）の下請発注がある場合、特定建設業の許可が必要です。"
Q077,"業界知識","鉄骨製作工場のMグレードはどのようなグレードですか？","最高グレード","中程度のグレード","入門グレード",B,"Mグレードは鉄骨製作工場の中程度の品質認定で、一定以上の品質管理体制を持つ工場に与えられます。"
Q078,"業界知識","テント倉庫の耐用年数は一般的にどのくらいですか？","5〜10年","10〜20年","30年以上",B,"テント倉庫の膜素材の耐用年数は一般的に10〜20年程度です。"
Q079,"業界知識","膜構造建築の設計に必要な資格は何ですか？","電気工事士","建築士","土木施工管理技士",B,"膜構造建築も建築物のため、設計には建築士の資格が必要です。"
Q080,"業界知識","テント倉庫の確認申請が必要なのはどのような場合ですか？","全ての場合","一定規模以上","申請不要",B,"テント倉庫は一定規模以上の場合、建築確認申請が必要です。"
Q081,"会社情報","山口産業株式会社の本社がある佐賀県多久市はどの地方にありますか？","中国地方","九州地方","四国地方",B,"佐賀県は九州地方に位置しています。"
Q082,"会社情報","山口産業の主要事業分野は何ですか？","食品製造","膜構造建築","自動車部品",B,"山口産業の主要事業は膜構造建築物、合成繊維資材、建設業です。"
Q083,"会社情報","山口産業の営業所がある都市として正しいのはどれですか？","札幌","仙台","広島",B,"山口産業は仙台に営業所を持っています。"
Q084,"会社情報","山口産業が位置づける自社の強みは何ですか？","最安値保証","他社で不可能な案件も対応","24時間対応",B,"山口産業は「他社で不可能な案件も解決できる」ことを強みとしています。"
Q085,"会社情報","山口産業のISO9001認証取得年は何年ですか？","2000年","2003年","2006年",B,"山口産業は2003年5月にISO9001認証を取得しました。"
Q086,"産業用製品","テント倉庫の床面積が700㎡以上の場合、どの製品が対応できますか？","ゆめテント","グリッドハウス","スピアテント",B,"グリッドハウスは700㎡以上の広さにも対応できます。"
Q087,"産業用製品","テント倉庫の採光方法として正しいのはどれですか？","電気照明のみ","膜素材による自然光透過","窓ガラス設置",B,"膜素材は光を透過するため、自然光による採光が可能です。"
Q088,"産業用製品","スライド式テントが適している用途はどれですか？","永久倉庫","荷物の搬入出が多い場所","展示スペース",B,"スライド式テントは屋根が開閉できるため、荷物の搬入出が多い場所に適しています。"
Q089,"産業用製品","テント倉庫の基礎工事の特徴は何ですか？","大規模な基礎が必要","軽量のため基礎を軽減できる","基礎不要",B,"膜構造は軽量のため、従来の建築物より基礎工事を軽減できます。"
Q090,"産業用製品","テント倉庫の換気方法として一般的なのはどれですか？","全自動空調のみ","換気口や開口部の設置","換気不可",B,"テント倉庫は換気口や開口部を設置して自然換気を行うことが一般的です。"
Q091,"農業・畜産用","畜舎に膜構造を採用するメリットとして正しいのはどれですか？","完全遮光","換気性能の向上","完全密閉",B,"膜構造の畜舎は換気性能が良く、動物の健康維持に適しています。"
Q092,"農業・畜産用","堆肥舎に求められる膜構造の特性は何ですか？","完全防水","通気性と耐候性","遮音性",B,"堆肥舎では通気性と耐候性が重要で、膜構造はこれらを実現できます。"
Q093,"農業・畜産用","陸上養殖施設で膜構造が選ばれる理由は何ですか？","完全遮光可能","コストと耐久性のバランス","水密性",B,"陸上養殖施設では低コストで高い耐久性を実現できる膜構造が選ばれます。"
Q094,"農業・畜産用","バイオマス施設の膜構造で重要な要素は何ですか？","断熱性","大開口と大スパン","防音性",B,"バイオマス施設では大型機械に対応するため、大開口と大スパンが重要です。"
Q095,"農業・畜産用","農業用膜構造の耐久性を高める要素は何ですか？","厚い壁","UV耐性素材","二重構造",B,"農業用膜構造ではUV（紫外線）耐性のある素材を使用することで耐久性を高めています。"
Q096,"商業用製品","ドームテントのキャッチコピーは何ですか？","どこでも設置","人々の心を惹きつける","最強の耐久性",B,"ドームテントは「あらゆるシーンで人々の心を惹きつける」設計とされています。"
Q097,"商業用製品","マルチブース Space+の特徴として正しいのはどれですか？","永久設置型","移動が簡単","大規模専用",B,"マルチブース Space+は約30分で設置可能で、移動も簡単な休憩スペースです。"
Q098,"商業用製品","商業用膜構造製品の共通利点として正しいのはどれですか？","永久耐久","明るい屋内空間","完全防音",B,"商業用製品は膜の透光性により明るい屋内空間を実現できます。"
Q099,"商業用製品","シェードセイルの形状の特徴は何ですか？","円形のみ","帆のような形状","四角形のみ",B,"シェードセイルは帆（セイル）のような形状が特徴的な日除け製品です。"
Q100,"商業用製品","開閉式テントが適している場所はどこですか？","完全屋内","天候により開閉したい場所","地下空間",B,"開閉式テントは天候に応じて屋根を開閉できるため、屋外スペースに適しています。"
Q101,"イベント製品","ヨーロピアンテントの設置に最適な場所はどこですか？","工場内","屋外イベント会場","地下駐車場",B,"ヨーロピアンテントは屋外のウェディングやイベント会場に最適です。"
Q102,"イベント製品","ゆめテントの解体の特徴は何ですか？","専門業者必須","簡単に解体可能","解体不可",B,"ゆめテントはワンタッチ式で組み立ても解体も簡単にできます。"
Q103,"イベント製品","エアアーチがイベント会場に与える効果は何ですか？","静寂感","活気","厳粛さ",B,"エアアーチはイベント会場に活気を生み出す効果があります。"
Q104,"イベント製品","スピアテントの対応可能なイベント規模は？","小規模のみ","大小さまざま","大規模のみ",B,"スピアテントは大小さまざまなイベント規模に対応できる汎用性があります。"
Q105,"イベント製品","イベントテントの設置で重要な要素は何ですか？","永久基礎","短時間設営","重量",B,"イベントテントは短時間で設営・撤去できることが重要な要素です。"
Q106,"膜構造・技術","膜構造の透光性が活かされる用途は何ですか？","完全遮光が必要な倉庫","自然光を活用したい空間","暗室",B,"膜構造の透光性は、自然光を活用したい空間で特に活かされます。"
Q107,"膜構造・技術","膜構造建築の断熱対策として使われる方法は？","壁を厚くする","二重膜構造","冷暖房のみ",B,"膜構造の断熱には二重膜構造などの方法が使われます。"
Q108,"膜構造・技術","膜構造の防火性能を高める方法は？","膜を厚くする","難燃性素材の使用","スプリンクラーのみ",B,"膜構造の防火性能は難燃性素材を使用することで高められます。"
Q109,"膜構造・技術","膜構造の張力について正しい説明はどれですか？","張力は不要","適切な張力が形状維持に重要","張力は最小化する",B,"膜構造では適切な張力をかけることが形状維持と強度に重要です。"
Q110,"膜構造・技術","膜素材のコーティングの目的は何ですか？","装飾のみ","耐候性・耐久性の向上","軽量化",B,"膜素材にコーティングを施すことで耐候性や耐久性を向上させます。"
Q111,"業界知識","テント倉庫の建築確認申請で必要な図面はどれですか？","配置図のみ","配置図・平面図・立面図など","写真のみ",B,"建築確認申請には配置図、平面図、立面図など複数の図面が必要です。"
Q112,"業界知識","膜構造建築の耐風性能を確保する方法は？","膜を緩める","適切な張力と固定","重りを載せる",B,"膜構造の耐風性能は適切な張力と確実な固定により確保します。"
Q113,"業界知識","テント倉庫の用途地域制限について正しいのはどれですか？","制限なし","建築基準法に基づく制限あり","工業地域のみ可能",B,"テント倉庫も建築物として建築基準法の用途地域制限を受けます。"
Q114,"業界知識","膜構造の設計で考慮すべき荷重はどれですか？","自重のみ","自重・風荷重・積雪荷重など","風荷重のみ",B,"膜構造の設計では自重、風荷重、積雪荷重など複数の荷重を考慮します。"
Q115,"業界知識","テント倉庫の消防法上の扱いはどうなりますか？","適用外","防火対象物として規制対象","住宅と同じ扱い",B,"テント倉庫は消防法上の防火対象物として規制を受けます。"
Q116,"会社情報","山口産業の電話番号の市外局番は何ですか？","092","0952","0955",B,"山口産業の電話番号は0952-74-2525で、市外局番は0952（佐賀県）です。"
Q117,"会社情報","山口産業が持つ建築事務所の等級は何ですか？","二級建築士事務所","一級建築士事務所","特級建築士事務所",B,"山口産業は一級建築士事務所として登録されています。"
Q118,"会社情報","山口産業の福岡の営業所がある都市はどこですか？","北九州市のみ","北九州市と福岡市","福岡市のみ",B,"山口産業は北九州と福岡の両方に営業所を持っています。"
Q119,"会社情報","山口産業の従業員の男女比率はおよそどのくらいですか？","男性60%・女性40%","男性80%・女性20%","男性50%・女性50%",B,"従業員148人中、男性116人（約78%）、女性32人（約22%）です。"
Q120,"会社情報","山口産業の九州地方の営業所として正しいのはどれですか？","鹿児島営業所","宮崎営業所","長崎営業所",B,"山口産業は宮崎に営業所を持っています。"
Q121,"産業用製品","テント倉庫の屋根形状として一般的なのはどれですか？","平屋根","切妻屋根（山形）","ドーム屋根",B,"テント倉庫は切妻屋根（山形）が一般的です。"
Q122,"産業用製品","テント倉庫の柱の種類として「コラム柱」の特徴は何ですか？","太くて重い","内部を広く使える","移動可能",B,"コラム柱は内部をできるだけ広く使えるように設計された柱です。"
Q123,"産業用製品","テント倉庫に通路屋根を併設する目的は何ですか？","装飾のため","雨に濡れないため","採光のため",B,"通路屋根は移動時に雨に濡れないようにするために併設されます。"
Q124,"産業用製品","テント倉庫の出入口として大開口が必要な理由は？","換気のため","車両や大型荷物の搬入のため","採光のため",B,"大開口はフォークリフトなどの車両や大型荷物の搬入出のために必要です。"
Q125,"産業用製品","グリッドハウスが自由設計より優れている点は何ですか？","デザインの自由度","より低コスト・短納期","より大型化",B,"グリッドハウスは規格化により自由設計よりも低コスト・短納期を実現しています。"
Q126,"農業・畜産用","畜舎の膜構造で動物の健康に良い効果は何ですか？","完全遮光","適度な採光と換気","完全密閉",B,"膜構造の畜舎は適度な採光と換気により、動物の健康維持に良い効果があります。"
Q127,"農業・畜産用","堆肥舎で膜構造を選ぶ経済的メリットは何ですか？","メンテナンス不要","建設コストの削減","補助金が多い",B,"膜構造は他工法より建設コストを抑えられるため、経済的メリットがあります。"
Q128,"農業・畜産用","陸上養殖施設での膜構造の温度管理の特徴は？","自動温度調整","外気温の影響を受けやすい","完全断熱",B,"膜構造は断熱性が低いため、別途温度管理システムが必要な場合があります。"
Q129,"農業・畜産用","バイオマス施設で大スパン構造が必要な理由は？","見た目のため","大型機械の設置と作業効率のため","法規制のため",B,"バイオマス施設では大型機械の設置と効率的な作業のため、大スパン構造が必要です。"
Q130,"農業・畜産用","農業用膜構造の施工における山口産業の強みは？","無料施工","約50年の技術と全国対応","最短1日施工",B,"山口産業は約50年の技術を持ち、日本全国で対応できる体制があります。"
Q131,"商業用製品","球体テントが適している場面はどれですか？","倉庫利用","グランピングや展示","住宅用",B,"球体テントは非日常的な空間演出ができるため、グランピングや展示に適しています。"
Q132,"商業用製品","シェードセイルの紫外線対策効果はどのくらいですか？","50%カット","高い遮蔽効果","効果なし",B,"シェードセイルは日差しと紫外線を効果的に遮蔽します。"
Q133,"商業用製品","ふわふわコクーンの設置場所として適しているのは？","工場","遊園地やショッピングモール","病院",B,"児童向け遊具のため、遊園地やショッピングモールなどに適しています。"
Q134,"商業用製品","オーニングとテントの違いは何ですか？","素材が違う","建物に取り付ける日除け","サイズが違う",B,"オーニングは建物の外壁に取り付ける日除けで、独立型のテントとは異なります。"
Q135,"商業用製品","商業用膜構造製品のエネルギー効率が良い理由は？","発電機能","自然光の活用で照明削減","断熱性能",B,"膜の透光性により自然光を活用でき、照明エネルギーを削減できます。"
Q136,"イベント製品","ヨーロピアンテントの雰囲気の特徴は？","モダン","華やかでエレガント","シンプル",B,"ヨーロピアンテントは華やかでエレガントな雰囲気が特徴です。"
Q137,"イベント製品","スピアテントの設置に必要な時間の特徴は？","1週間以上","比較的短時間","1ヶ月以上",B,"イベント用テントは比較的短時間で設置できるよう設計されています。"
Q138,"イベント製品","エアアーチの設営方法の特徴は？","ボルト固定","空気を入れて膨らませる","組み立て式",B,"エアアーチは空気を入れて膨らませることで設営します。"
Q139,"イベント製品","イベントテントの撤去が簡単であるメリットは？","コスト削減","原状回復が容易","再利用不可",B,"撤去が簡単なため、イベント後の原状回復が容易にできます。"
Q140,"イベント製品","ゆめテントが「お馴染み」と言われる理由は？","新製品だから","広く普及しているイベントテント","高級品だから",B,"ゆめテントは広く普及している馴染みのあるイベントテントです。"
Q141,"膜構造・技術","膜構造の接合方法として一般的なのは？","ボルト締め","溶着・縫製","接着剤のみ",B,"膜構造の接合には溶着（熱溶接）や縫製が一般的に使われます。"
Q142,"膜構造・技術","膜素材の耐候性を確保する処理は？","塗装","コーティング処理","研磨",B,"膜素材はコーティング処理により耐候性を確保しています。"
Q143,"膜構造・技術","膜構造の排水設計で重要な点は？","平らな屋根","適切な勾配の確保","排水口なし",B,"膜構造の排水には適切な勾配を設けて水がたまらないようにします。"
Q144,"膜構造・技術","膜構造の強度を保つために重要な要素は？","膜の厚さのみ","張力と支持構造","色の選択",B,"膜構造の強度は適切な張力と支持構造（フレーム）により保たれます。"
Q145,"膜構造・技術","膜構造の設計寿命を延ばす方法は？","使用しない","定期的なメンテナンス","屋内設置のみ",B,"定期的なメンテナンスにより膜構造の設計寿命を延ばすことができます。"
Q146,"業界知識","テント倉庫の建築確認が不要な場合の条件は？","すべて必要","一定面積以下など条件あり","すべて不要",B,"建築確認は一定面積以下など条件により不要な場合があります。"
Q147,"業界知識","膜構造建築の構造計算で考慮する主な力は？","重力のみ","風圧力・積雪荷重など","地震力のみ",B,"膜構造の構造計算では風圧力、積雪荷重、自重などを考慮します。"
Q148,"業界知識","テント倉庫の固定資産税の扱いは？","非課税","建築物として課税対象","動産として扱う",B,"テント倉庫は建築物として固定資産税の課税対象となります。"
Q149,"業界知識","膜構造建築の防火区画について正しいのは？","不要","規模により必要","必ず必要",B,"膜構造建築も規模や用途により防火区画が必要となる場合があります。"
Q150,"業界知識","テント倉庫の採光計算について正しいのは？","不要","用途により必要","常に必要",B,"テント倉庫は用途（工場など）により採光計算が必要な場合があります。"
Q151,"会社情報","山口産業の決算月は何月ですか？","3月","7月","12月",B,"山口産業の決算は7月期（2024年度7月期実績として発表）です。"
Q152,"会社情報","山口産業の関東地方の営業所はどこにありますか？","横浜","東京","千葉",B,"山口産業は東京に営業所を持っています。"
Q153,"会社情報","山口産業の中部地方の営業所はどこにありますか？","静岡","名古屋","新潟",B,"山口産業は名古屋に営業所を持っています。"
Q154,"会社情報","山口産業の近畿地方の営業所はどこにありますか？","京都","大阪","神戸",B,"山口産業は大阪に営業所を持っています。"
Q155,"会社情報","山口産業の佐賀県内の工場として正しいのは？","第3工場","北多久工場","佐賀工場",B,"山口産業は佐賀県内に本社、第2工場、北多久工場を持っています。"
Q156,"産業用製品","テント倉庫の標準的な構造形式は？","吊り構造","フレーム構造","壁式構造",B,"テント倉庫は鉄骨フレームに膜を張るフレーム構造が標準的です。"
Q157,"産業用製品","テント倉庫の妻面（短辺側）の仕上げ方法は？","常にオープン","膜やシートで閉じる","コンクリート壁のみ",B,"妻面は膜やシートで閉じることが一般的ですが、オープンにすることも可能です。"
Q158,"産業用製品","テント倉庫のカラーバリエーションについて正しいのは？","白のみ","複数色から選択可能","透明のみ",B,"膜素材は複数のカラーバリエーションがあり、選択可能です。"
Q159,"産業用製品","テント倉庫の増設について正しいのは？","不可能","連結や増設が可能","新築のみ",B,"テント倉庫は連結や増設が比較的容易に行えます。"
Q160,"産業用製品","テント倉庫の移設について正しいのは？","不可能","解体して移設可能","そのまま移動可能",B,"テント倉庫は解体して別の場所に移設することが可能です。"
Q161,"農業・畜産用","牛舎に膜構造を採用する利点は？","遮音性","通気性と明るさ","完全密閉",B,"牛舎では通気性の良さと明るい環境が牛の健康に良い影響を与えます。"
Q162,"農業・畜産用","豚舎に膜構造が適している理由は？","遮光性","換気性能とコスト","防音性",B,"豚舎では換気性能の良さと建設コストの低さが膜構造のメリットです。"
Q163,"農業・畜産用","鶏舎に膜構造を使用する際の注意点は？","採光を避ける","温度管理システムの併用","完全密閉にする",B,"鶏舎では膜構造の断熱性の低さを補うため、温度管理システムの併用が必要です。"
Q164,"農業・畜産用","堆肥化施設で膜構造に求められる性能は？","完全密閉","耐腐食性と通気性","断熱性",B,"堆肥化施設では腐食に強く、適度な通気性のある膜構造が求められます。"
Q165,"農業・畜産用","バイオガス発酵施設での膜構造の利点は？","発電機能","大空間の確保とコスト","完全遮光",B,"バイオガス発酵施設では大空間を低コストで確保できることが利点です。"
Q166,"商業用製品","グランピング施設に適した膜製品は？","テント倉庫","ドームテント・球体テント","シート間仕切り",B,"グランピング施設には非日常感を演出できるドームテントや球体テントが適しています。"
Q167,"商業用製品","カフェテラスに適した膜製品は？","テント倉庫","オーニング・シェードセイル","畜舎用テント",B,"カフェテラスにはオーニングやシェードセイルが日除けとして適しています。"
Q168,"商業用製品","ショッピングモールの中庭に適した膜構造は？","テント倉庫","膜屋根・シェードセイル","畜舎",B,"ショッピングモールの中庭には膜屋根やシェードセイルが適しています。"
Q169,"商業用製品","野外フードコートに適した膜製品は？","完全密閉テント","開閉式テント","球体テント",B,"野外フードコートには天候により開閉できる開閉式テントが適しています。"
Q170,"商業用製品","ゴルフ練習場のカバーに適した膜構造は？","球体テント","膜屋根・ネット","エアアーチ",B,"ゴルフ練習場には膜屋根やネット製品が適しています。"
Q171,"イベント製品","企業の展示会ブースに適したテントは？","ヨーロピアンテント","スピアテント","畜舎テント",B,"企業の展示会には汎用性の高いスピアテントが適しています。"
Q172,"イベント製品","マラソン大会のスタート・ゴールに適した製品は？","ヨーロピアンテント","エアアーチ","球体テント",B,"マラソン大会のスタート・ゴールにはエアアーチが視認性が高く適しています。"
Q173,"イベント製品","地域のお祭りに適したテントは？","ヨーロピアンテント","ゆめテント","球体テント",B,"地域のお祭りには設置が簡単なゆめテントが適しています。"
Q174,"イベント製品","屋外ウェディングに最適なテントは？","ゆめテント","ヨーロピアンテント","エアアーチ",B,"屋外ウェディングには華やかな雰囲気のヨーロピアンテントが最適です。"
Q175,"イベント製品","フリーマーケットに適したテントは？","ヨーロピアンテント","ゆめテント","エアアーチ",B,"フリーマーケットには簡単に設置・撤去できるゆめテントが適しています。"
Q176,"膜構造・技術","膜構造の防汚性を高める処理は？","塗装","フッ素コーティング","ワックス",B,"フッ素コーティングにより膜構造の防汚性を高めることができます。"
Q177,"膜構造・技術","膜構造の遮熱性を高める方法は？","黒色の膜を使用","高反射率の膜を使用","透明の膜を使用",B,"高反射率の膜を使用することで遮熱性を高めることができます。"
Q178,"膜構造・技術","膜構造の音響性能について正しいのは？","完全防音","吸音効果がある素材もある","音を増幅する",B,"膜素材の種類によっては吸音効果を持つものもあります。"
Q179,"膜構造・技術","膜構造の照明計画で考慮すべき点は？","常に人工照明","自然光と人工照明のバランス","照明不要",B,"膜の透光性を活かした自然光と人工照明のバランスが重要です。"
Q180,"膜構造・技術","膜構造の結露対策として有効な方法は？","密閉する","換気と断熱の確保","加湿する",B,"結露対策には適切な換気と断熱の確保が有効です。"
Q181,"業界知識","テント倉庫の建蔽率の計算について正しいのは？","計算不要","通常の建築物と同様に計算","半分で計算",B,"テント倉庫も通常の建築物と同様に建蔽率の計算が必要です。"
Q182,"業界知識","テント倉庫の容積率の計算について正しいのは？","計算不要","通常の建築物と同様に計算","二倍で計算",B,"テント倉庫も通常の建築物と同様に容積率の計算が必要です。"
Q183,"業界知識","テント倉庫の高さ制限について正しいのは？","制限なし","用途地域により制限あり","10m以下のみ",B,"テント倉庫も用途地域による高さ制限を受けます。"
Q184,"業界知識","テント倉庫の敷地境界からの距離について正しいのは？","制限なし","建築基準法の規定に従う","1m以上必要",B,"テント倉庫の敷地境界からの距離は建築基準法の規定に従います。"
Q185,"業界知識","テント倉庫の避雷設備について正しいのは？","常に必要","高さにより必要","不要",B,"テント倉庫も高さ20mを超える場合などは避雷設備が必要です。"
Q186,"会社情報","山口産業の八女営業所がある県はどこですか？","佐賀県","福岡県","熊本県",B,"八女市は福岡県にあり、山口産業の八女営業所は福岡県にあります。"
Q187,"会社情報","山口産業の創業から2024年で何年目ですか？","約40年","約50年","約60年",B,"1972年創業なので、2024年で約52年目（約50年）です。"
Q188,"会社情報","山口産業が対応できない地域はありますか？","北海道は対応不可","日本全国対応可能","離島は対応不可",B,"山口産業は日本全国で対応可能です。"
Q189,"会社情報","山口産業の企業理念に関連するキーワードは？","利益最大化","テントへの愛情と革新","規模拡大",B,"山口産業はテントへの愛情を持ち、革新を続けることを大切にしています。"
Q190,"会社情報","山口産業の品質管理の特徴は？","外部委託","ISO認証工場での一貫生産","検査なし",B,"山口産業はISO9001認証工場での一貫生産により品質を管理しています。"
Q191,"産業用製品","テント倉庫の雨漏り対策として重要な点は？","膜を厚くする","接合部の適切な処理","傾斜をなくす",B,"テント倉庫の雨漏り対策には接合部の適切な溶着や防水処理が重要です。"
Q192,"産業用製品","テント倉庫内の照度を上げる方法は？","黒い膜を使用","透光性の高い膜や採光部を設置","窓を減らす",B,"透光性の高い膜を使用するか、採光部を設けることで照度を上げられます。"
Q193,"産業用製品","テント倉庫の荷重制限について正しいのは？","制限なし","床の耐荷重を考慮","1トンまで",B,"テント倉庫内に置く物の重量は床の耐荷重を考慮する必要があります。"
Q194,"産業用製品","テント倉庫に重機が出入りする場合の設計ポイントは？","小さい出入口","大型の開口部と床強度","窓の設置",B,"重機が出入りする場合は大型の開口部と十分な床強度が必要です。"
Q195,"産業用製品","テント倉庫の風対策として重要な点は？","軽くする","確実な基礎固定","開口部を増やす",B,"テント倉庫の風対策には確実な基礎への固定が重要です。"
Q196,"農業・畜産用","畜舎の臭気対策で膜構造が有利な点は？","臭気を吸収","換気性能が良い","完全遮断",B,"膜構造は換気性能が良いため、臭気の滞留を防ぎやすいです。"
Q197,"農業・畜産用","寒冷地での畜舎建設で注意すべき点は？","換気を止める","断熱対策と積雪荷重","透光性を上げる",B,"寒冷地では断熱対策と積雪荷重への対応が重要です。"
Q198,"農業・畜産用","夏場の畜舎で膜構造が有利な点は？","遮熱性","通気性の確保","蓄熱性",B,"夏場は膜構造の通気性の良さが畜舎内の温度上昇を抑えるのに有利です。"
Q199,"農業・畜産用","有機農業の堆肥舎に膜構造が選ばれる理由は？","高級感","コストパフォーマンスと機能性","ブランドイメージ",B,"有機農業ではコストパフォーマンスと通気性などの機能性が重視されます。"
Q200,"農業・畜産用","水産養殖施設で膜構造を選ぶメリットは？","水密性","大空間を低コストで確保","浮力",B,"水産養殖施設では大きな水槽を収容する大空間を低コストで確保できます。"
Q201,"商業用製品","リゾート施設に適した膜構造製品は？","テント倉庫","ドームテント","シート間仕切り",B,"リゾート施設には非日常感を演出できるドームテントが適しています。"
Q202,"商業用製品","プールサイドの日除けに適した製品は？","テント倉庫","シェードセイル","畜舎テント",B,"プールサイドの日除けにはシェードセイルが適しています。"
Q203,"商業用製品","ビアガーデンに適した膜構造は？","完全密閉テント","開閉式テントやオーニング","球体テント",B,"ビアガーデンには天候に応じて開閉できるテントやオーニングが適しています。"
Q204,"商業用製品","キャンプ場のグランピング施設に人気の形状は？","四角形","ドーム型・球体型","三角形",B,"グランピングにはドーム型や球体型のテントが非日常感があり人気です。"
Q205,"商業用製品","スキー場のレストラン増設に適した膜構造は？","薄い膜のみ","断熱仕様の膜構造","開放型テント",B,"スキー場では断熱性を確保した膜構造が適しています。"
Q206,"イベント製品","音楽フェスに適したテントの特徴は？","小型で密閉","大型で開放的","完全遮音",B,"音楽フェスには大勢が集まれる大型で開放的なテントが適しています。"
Q207,"イベント製品","企業の新製品発表会に適したテントは？","畜舎テント","ヨーロピアンテント・スピアテント","農業用テント",B,"新製品発表会には華やかさと汎用性のあるテントが適しています。"
Q208,"イベント製品","スポーツイベントの本部テントに適した製品は？","球体テント","ゆめテント・スピアテント","エアアーチ",B,"スポーツイベントの本部には設置が簡単なテントが適しています。"
Q209,"イベント製品","フードトラックイベントの共有スペースに適した製品は？","畜舎","シェードセイル・ゆめテント","バイオマス施設",B,"フードトラックイベントには簡易的に日陰を作れる製品が適しています。"
Q210,"イベント製品","アートインスタレーションに適した膜構造は？","標準テント倉庫","自由な形状の膜構造","規格化テント",B,"アートには膜構造の自由な形状デザインが活かされます。"
Q211,"膜構造・技術","膜構造の寿命に影響する主な要因は？","色のみ","紫外線・気候・メンテナンス","サイズのみ",B,"膜構造の寿命は紫外線、気候条件、メンテナンス状況などに影響されます。"
Q212,"膜構造・技術","膜素材の張り替えが必要な兆候は？","新品時と同じ","劣化・変色・破れ","色が濃くなる",B,"膜素材の劣化、変色、破れなどが張り替えのサインです。"
Q213,"膜構造・技術","膜構造の清掃方法として適切なのは？","高圧洗浄のみ","専用洗剤と柔らかいブラシ","たわしでこする",B,"膜構造の清掃には専用洗剤と柔らかいブラシを使用します。"
Q214,"膜構造・技術","膜構造の補修が必要な場合の対応は？","全面張り替えのみ","部分補修も可能","補修不可",B,"膜構造は部分的な補修も可能で、全面張り替えが常に必要なわけではありません。"
Q215,"膜構造・技術","膜構造の定期点検で確認すべき項目は？","色だけ","張力・接合部・汚れ・損傷","重さだけ",B,"定期点検では張力、接合部、汚れ、損傷などを確認します。"
Q216,"業界知識","テント倉庫の耐用年数の目安は？","3〜5年","10〜20年","30年以上",B,"テント倉庫の膜素材は適切なメンテナンスで10〜20年程度の耐用年数があります。"
Q217,"業界知識","テント倉庫のフレームの耐用年数は？","膜と同じ","膜より長い（20〜30年以上）","膜より短い",B,"鉄骨フレームは膜よりも長い耐用年数があります。"
Q218,"業界知識","テント倉庫の減価償却期間の目安は？","5年","10〜15年程度","30年",B,"テント倉庫の減価償却期間は構造や用途により10〜15年程度が目安です。"
Q219,"業界知識","テント倉庫の保険加入について正しいのは？","保険対象外","火災保険などに加入可能","自動車保険で対応",B,"テント倉庫は建築物として火災保険などに加入可能です。"
Q220,"業界知識","テント倉庫のリースやレンタルのメリットは？","永久使用","初期投資の軽減","メンテナンス全額負担",B,"リースやレンタルは初期投資を軽減でき、一時的な需要に対応できます。"
Q221,"会社情報","山口産業の製品設計で重視していることは？","低価格のみ","お客様の要望と使い勝手","デザインのみ",B,"山口産業はお客様の要望を聞き、使い勝手の良い製品設計を重視しています。"
Q222,"会社情報","山口産業が「他社で不可能」と言われた案件に対する姿勢は？","お断りする","挑戦して解決を目指す","代替案のみ提案",B,"山口産業は他社で不可能と言われた案件にも挑戦し、解決を目指しています。"
Q223,"会社情報","山口産業の施工対応エリアは？","九州のみ","日本全国","西日本のみ",B,"山口産業は全国に営業所を持ち、日本全国で施工対応しています。"
Q224,"会社情報","山口産業の製品に対する姿勢を表す言葉は？","効率優先","テントへの愛情と革新","コスト削減",B,"山口産業はテントへの愛情を持ち、常に革新を追求しています。"
Q225,"会社情報","山口産業のモットーに近いのは？","安ければ良い","品質と顧客満足","早ければ良い",B,"山口産業は品質と顧客満足を重視した製品づくりを行っています。"
Q226,"産業用製品","物流倉庫にテント構造が選ばれる理由は？","高級感","短工期とコスト","完全防音",B,"物流倉庫では短工期でコストを抑えられるテント構造が選ばれます。"
Q227,"産業用製品","製造工場の増設にテント構造が適している理由は？","永久建築","迅速な対応と将来の変更対応","遮音性",B,"テント構造は迅速に増設でき、将来的な変更にも対応しやすいです。"
Q228,"産業用製品","建設現場の仮設作業場にテントが適している理由は？","永久設置","設置・撤去の容易さ","完全防音",B,"建設現場では設置と撤去が容易なテント構造が適しています。"
Q229,"産業用製品","危険物倉庫にテント構造を使用する際の注意点は？","規制なし","消防法等の規制遵守","使用不可",B,"危険物倉庫は消防法等の規制を遵守する必要があります。"
Q230,"産業用製品","食品保管倉庫でテント構造を使用する際の配慮は？","特になし","衛生面と温度管理","装飾のみ",B,"食品保管では衛生面と必要に応じて温度管理への配慮が必要です。"
Q231,"農業・畜産用","馬場の覆いに膜構造が適している理由は？","完全遮光","大スパンと自然光","完全密閉",B,"馬場は大きな空間が必要で、自然光を取り入れられる膜構造が適しています。"
Q232,"農業・畜産用","農機具倉庫に膜構造が選ばれる理由は？","高級感","大開口と低コスト","断熱性",B,"農機具の出し入れに便利な大開口を低コストで実現できます。"
Q233,"農業・畜産用","乾燥施設に膜構造を使用するメリットは？","保温性","通気性と採光","防水性",B,"乾燥施設では通気性と採光が良い膜構造が適しています。"
Q234,"農業・畜産用","きのこ栽培施設に膜構造を使用する際の考慮点は？","採光を増やす","遮光と温湿度管理","通気を止める",B,"きのこ栽培では遮光と温湿度管理が重要で、適切な膜選定が必要です。"
Q235,"農業・畜産用","農産物集荷場に膜構造が適している理由は？","完全密閉","大空間と車両アクセス","高断熱",B,"集荷場には大空間と車両のアクセスしやすさが重要です。"
Q236,"商業用製品","駐車場の日除けに適した膜構造は？","完全密閉テント","膜屋根・シェードセイル","球体テント",B,"駐車場には車を日差しから守る膜屋根やシェードセイルが適しています。"
Q237,"商業用製品","フットサル場の屋根に膜構造が適している理由は？","完全遮光","大スパンと採光","防音性",B,"フットサル場は大きな空間が必要で、自然光も取り入れたいため膜構造が適しています。"
Q238,"商業用製品","テニスコートの覆いに膜構造を選ぶメリットは？","完全密閉","大スパンと自然な明るさ","遮音性",B,"テニスコートの覆いには大スパンで自然光を取り入れられる膜構造が適しています。"
Q239,"商業用製品","道の駅の休憩スペースに適した膜構造は？","完全密閉倉庫","開放的な膜屋根","畜舎",B,"道の駅には開放的で明るい膜屋根が適しています。"
Q240,"商業用製品","ガソリンスタンドのキャノピーに膜構造が使われる理由は？","断熱性","大スパンとデザイン性","完全密閉",B,"ガソリンスタンドには柱を減らした大スパンとデザイン性が求められます。"
Q241,"イベント製品","花火大会の観覧席に適した膜構造は？","完全密閉テント","開放的なシェード","球体テント",B,"花火大会では空が見える開放的なシェードが適しています。"
Q242,"イベント製品","野外コンサートのバックステージに適した製品は？","観客用大テント","機材保護用テント","エアアーチ",B,"バックステージには機材を保護できるテントが必要です。"
Q243,"イベント製品","スポーツ観戦イベントの応援エリアに適した製品は？","完全密閉テント","オープンな日除けテント","畜舎",B,"スポーツ観戦には日除けがありつつ開放的なテントが適しています。"
Q244,"イベント製品","サーカスの仮設会場に使われる膜構造の特徴は？","小型","大型で印象的な外観","四角形のみ",B,"サーカスには大型で印象的な外観の膜構造が使われます。"
Q245,"イベント製品","展示即売会に適したテントの特徴は？","窓なし","出入りしやすい開口部","完全密閉",B,"展示即売会では来場者が出入りしやすい開口部が重要です。"
Q246,"膜構造・技術","膜構造の騒音対策として有効な方法は？","膜を薄くする","遮音材の併用","開口部を増やす",B,"膜構造の騒音対策には遮音材を併用することが有効です。"
Q247,"膜構造・技術","膜構造の防虫対策として有効な方法は？","開口部を増やす","網戸や防虫網の設置","膜を厚くする",B,"防虫対策には網戸や防虫網の設置が有効です。"
Q248,"膜構造・技術","膜構造の防犯対策として有効な方法は？","膜を透明にする","施錠設備と照明の設置","開口部を増やす",B,"防犯対策には適切な施錠設備と照明の設置が有効です。"
Q249,"膜構造・技術","膜構造の鳥害対策として有効な方法は？","膜を厚くする","防鳥ネットの設置","開口部をなくす",B,"鳥害対策には防鳥ネットの設置が有効です。"
Q250,"膜構造・技術","膜構造の雪対策として重要な点は？","平らな屋根にする","適切な勾配と積雪荷重設計","膜を薄くする",B,"雪対策には適切な屋根勾配と積雪荷重を考慮した設計が重要です。"
Q251,"業界知識","テント倉庫の電気設備について正しいのは？","設置不可","照明やコンセントの設置可能","電気工事不要",B,"テント倉庫にも照明やコンセントなどの電気設備を設置できます。"
Q252,"業界知識","テント倉庫の給排水設備について正しいのは？","設置不可","用途に応じて設置可能","標準装備",B,"テント倉庫にも用途に応じて給排水設備を設置できます。"
Q253,"業界知識","テント倉庫の空調設備について正しいのは？","設置不可","必要に応じて設置可能","不要",B,"テント倉庫にも必要に応じて空調設備を設置できます。"
Q254,"業界知識","テント倉庫の消火設備について正しいのは？","不要","規模や用途により必要","常に必要",B,"テント倉庫も規模や用途により消火設備が必要な場合があります。"
Q255,"業界知識","テント倉庫のシャッター設置について正しいのは？","設置不可","開口部に設置可能","必須",B,"テント倉庫の開口部にシャッターを設置することは可能です。"
Q256,"会社情報","山口産業の営業担当者の姿勢として紹介されているのは？","売上優先","お客様の喜びを重視","効率優先",B,"山口産業の営業担当者はお客様に喜んでいただくことを重視しています。"
Q257,"会社情報","山口産業の急ぎの依頼に対する姿勢は？","お断り","可能な限り対応","追加料金のみ",B,"山口産業は急ぎの依頼にも可能な限り対応しています。"
Q258,"会社情報","山口産業の施工事例で紹介されている地域は？","佐賀県のみ","全国各地","九州のみ",B,"山口産業の施工事例は愛知県など全国各地で紹介されています。"
Q259,"会社情報","山口産業がお客様と相談する内容は？","価格のみ","配置・導線・使い勝手","色のみ",B,"山口産業はお客様と配置、導線、使い勝手などを相談して設計します。"
Q260,"会社情報","山口産業の設計で「できるだけ広く」を実現する方法は？","壁を厚くする","柱の工夫（コラム柱など）","天井を低くする",B,"コラム柱などの工夫により内部をできるだけ広く使えるように設計します。"
Q261,"産業用製品","季節商品の一時保管にテント倉庫が適している理由は？","永久保管","迅速な設置と低コスト","高断熱",B,"季節商品の一時保管には迅速に設置でき低コストなテント倉庫が適しています。"
Q262,"産業用製品","災害時の緊急倉庫としてテント構造が適している理由は？","永久建築","短期間で設置可能","高級感",B,"災害時には短期間で設置できるテント構造が緊急倉庫として適しています。"
Q263,"産業用製品","工場の増産対応でテント倉庫が選ばれる理由は？","永久建築のため","迅速な増設対応","完全防音",B,"増産時には迅速に増設できるテント倉庫が選ばれます。"
Q264,"産業用製品","資材置き場にテント上屋が適している理由は？","完全密閉","雨除けと通気性の両立","高断熱",B,"資材置き場には雨除けと通気性を両立できるテント上屋が適しています。"
Q265,"産業用製品","港湾施設でテント構造が使われる理由は？","完全防水","大スパンと塩害対応","高断熱",B,"港湾では大スパンが必要で、塩害に対応した素材選定も重要です。"
Q266,"農業・畜産用","牧草保管庫に膜構造が適している理由は？","完全密閉","通気性と大空間","高断熱",B,"牧草保管には通気性があり、大量の牧草を保管できる大空間が適しています。"
Q267,"農業・畜産用","肥育牛舎で膜構造が選ばれる理由は？","高級感","換気性能とコスト","完全密閉",B,"肥育牛舎では良好な換気と建設コストの低さが重視されます。"
Q268,"農業・畜産用","搾乳施設に膜構造を採用するメリットは？","完全遮光","明るさと衛生管理のしやすさ","完全密閉",B,"搾乳施設では明るさと衛生管理のしやすさが重要です。"
Q269,"農業・畜産用","種苗施設に膜構造が適している理由は？","完全遮光","採光調整と温度管理","完全密閉",B,"種苗施設では採光と温度の管理が重要で、膜構造で調整可能です。"
Q270,"農業・畜産用","農産物乾燥施設で膜構造のメリットは？","保湿性","自然光と通気性の活用","完全密閉",B,"乾燥施設では自然光と通気性を活用できる膜構造が適しています。"
Q271,"商業用製品","遊園地のアトラクション待機列に適した膜構造は？","完全密閉","日除け屋根","球体テント",B,"待機列には日差しを遮る日除け屋根が適しています。"
Q272,"商業用製品","動物園の休憩所に適した膜構造は？","完全密閉","開放的な膜屋根","畜舎テント",B,"動物園の休憩所には開放的で明るい膜屋根が適しています。"
Q273,"商業用製品","水族館の屋外展示に適した膜構造は？","完全遮光","採光調整可能な膜屋根","完全密閉",B,"水族館の屋外展示では採光を調整できる膜屋根が適しています。"
Q274,"商業用製品","学校のプール日除けに適した膜構造は？","完全密閉","シェードセイル・膜屋根","球体テント",B,"学校プールには日差しを遮るシェードセイルや膜屋根が適しています。"
Q275,"商業用製品","病院の駐車場日除けに適した膜構造は？","完全密閉","膜屋根","イベントテント",B,"病院駐車場には車を日差しから守る膜屋根が適しています。"
Q276,"イベント製品","卒業式の屋外会場に適したテントは？","畜舎テント","ヨーロピアンテント","シート間仕切り",B,"卒業式には華やかな雰囲気のヨーロピアンテントが適しています。"
Q277,"イベント製品","入社式の屋外会場に適したテントは？","畜舎テント","フォーマルな印象のテント","農業用テント",B,"入社式にはフォーマルな印象を与えるテントが適しています。"
Q278,"イベント製品","地域の防災訓練に適したテントは？","ヨーロピアンテント","設置が簡単なテント","球体テント",B,"防災訓練には素早く設置できるテントが適しています。"
Q279,"イベント製品","選挙の投票所仮設に適したテントは？","球体テント","シンプルで機能的なテント","エアアーチ",B,"投票所にはシンプルで機能的なテントが適しています。"
Q280,"イベント製品","地域の健康診断会場に適したテントは？","球体テント","適度な広さと換気のあるテント","エアアーチ",B,"健康診断会場には適度な広さと換気のあるテントが適しています。"
Q281,"膜構造・技術","膜構造の設計で風洞実験が行われる理由は？","見た目の確認","耐風性能の確認","色の確認",B,"大規模な膜構造では風洞実験で耐風性能を確認することがあります。"
Q282,"膜構造・技術","膜構造の設計でコンピュータシミュレーションが使われる理由は？","色の決定","形状と応力の解析","材料発注",B,"膜構造の設計ではコンピュータで形状と応力を解析します。"
Q283,"膜構造・技術","膜構造の裁断設計で重要な点は？","大きめに裁断","張力を考慮した正確な裁断","小さめに裁断",B,"膜構造は張力を考慮した正確な裁断設計が重要です。"
Q284,"膜構造・技術","膜構造の取り付けで重要な作業は？","適当に張る","均等な張力調整","緩めに張る",B,"膜構造の取り付けでは均等な張力調整が重要です。"
Q285,"膜構造・技術","膜構造の端部処理で重要な点は？","見た目だけ","防水性と耐久性","色合わせ",B,"膜構造の端部処理では防水性と耐久性の確保が重要です。"
Q286,"業界知識","テント倉庫の設計図書に含まれるものは？","写真のみ","平面図・立面図・構造図など","見積書のみ",B,"設計図書には平面図、立面図、構造図などが含まれます。"
Q287,"業界知識","テント倉庫の構造計算書の目的は？","見積もり用","安全性の確認","デザイン確認",B,"構造計算書は建物の安全性を確認するために作成されます。"
Q288,"業界知識","テント倉庫の完了検査で確認されることは？","色のみ","設計通りの施工","価格",B,"完了検査では設計図書通りに施工されているかを確認します。"
Q289,"業界知識","テント倉庫の維持管理計画で重要な点は？","計画不要","定期点検と補修計画","建て替え計画のみ",B,"維持管理計画では定期点検と必要な補修の計画が重要です。"
Q290,"業界知識","テント倉庫のライフサイクルコストとは？","建設費のみ","建設から解体までの総コスト","維持費のみ",B,"ライフサイクルコストは建設から維持管理、解体までの総コストです。"
Q291,"会社情報","山口産業の製品カタログはどのように入手できますか？","入手不可","公式サイトからPDFダウンロード","店頭販売のみ",B,"山口産業の製品カタログは公式サイトからPDFでダウンロードできます。"
Q292,"会社情報","山口産業への問い合わせ方法は？","訪問のみ","電話・ウェブサイト","手紙のみ",B,"山口産業への問い合わせは電話やウェブサイトから可能です。"
Q293,"会社情報","山口産業の見積もり依頼の方法は？","訪問必須","電話・ウェブサイトで依頼可能","郵送のみ",B,"見積もりは電話やウェブサイトから依頼できます。"
Q294,"会社情報","山口産業の施工エリアの確認方法は？","確認不可","問い合わせで確認","九州のみ対応",B,"施工エリアは問い合わせで確認でき、全国対応可能です。"
Q295,"会社情報","山口産業のアフターサービスの内容は？","なし","点検・メンテナンス対応","建設のみ",B,"山口産業は点検やメンテナンスなどのアフターサービスも提供しています。"
Q296,"産業用製品","リサイクル施設にテント構造が使われる理由は？","高級感","大空間と換気性","完全密閉",B,"リサイクル施設には大空間と換気性の良さが求められます。"
Q297,"産業用製品","自動車整備工場にテント構造が使われる理由は？","完全防音","大開口と採光","高断熱",B,"自動車整備工場には車の出入りしやすい大開口と作業に必要な採光が重要です。"
Q298,"産業用製品","塗装工場の前処理場にテント構造が適している理由は？","完全密閉","換気性と大空間","高断熱",B,"塗装前処理には換気性と作業に必要な大空間が重要です。"
Q299,"産業用製品","木材乾燥施設にテント構造が選ばれる理由は？","完全密閉","通気性と採光","高断熱",B,"木材乾燥には通気性と採光が重要で、膜構造が適しています。"
Q300,"産業用製品","廃棄物処理施設の前処理場にテント構造が使われる理由は？","高級感","大空間と換気","完全遮光",B,"廃棄物処理の前処理には大空間と換気性が重要です。"
Q301,"膜構造・技術","膜構造の静電気対策として有効な方法は？","膜を厚くする","帯電防止処理","開口部をなくす",B,"静電気対策には帯電防止処理を施した膜材を使用することが有効です。"
Q302,"膜構造・技術","膜構造の結露対策として有効な方法は？","密閉する","換気と断熱の確保","開口部を増やすだけ",B,"結露対策には適切な換気と断熱の確保が重要です。"
Q303,"膜構造・技術","膜構造の防カビ対策として有効な方法は？","密閉する","通気と防カビ処理","水をかける",B,"防カビ対策には適切な通気と防カビ処理が有効です。"
Q304,"業界知識","テント倉庫の建築確認申請が必要になる条件は？","すべて不要","一定規模以上","すべて必要",B,"一定規模以上のテント倉庫は建築確認申請が必要です。"
Q305,"業界知識","膜構造建築物の法的な位置づけは？","仮設物のみ","建築基準法の建築物","法規制対象外",B,"膜構造建築物も建築基準法における建築物として扱われます。"
Q306,"業界知識","テント倉庫の固定資産税について正しいのは？","非課税","課税対象となる場合がある","すべて課税",B,"テント倉庫は構造や使用形態により固定資産税の課税対象となる場合があります。"
Q307,"業界知識","膜構造のリサイクルについて正しいのは？","不可能","素材により可能","すべて可能",B,"膜素材はその種類によりリサイクルが可能なものがあります。"
Q308,"業界知識","膜構造の環境負荷について正しいのは？","高い","一般建築より低い場合が多い","変わらない",B,"膜構造は軽量で材料使用量が少なく、環境負荷が低い場合が多いです。"
Q309,"会社情報","山口産業の経営理念の中心にあるものは？","利益最大化","顧客満足と品質","規模拡大",B,"山口産業は顧客満足と品質を経営の中心に据えています。"
Q310,"会社情報","山口産業が大切にしている人材育成の考え方は？","効率優先","技術継承と成長","外部委託",B,"山口産業は技術継承と社員の成長を大切にしています。"
Q311,"産業用製品","精密機器保管倉庫に膜構造を使う際の配慮点は？","特になし","防塵と温湿度管理","採光を増やす",B,"精密機器保管には防塵と温湿度管理への配慮が必要です。"
Q312,"産業用製品","塗装ブースにテント構造が適している理由は？","永久建築","換気と採光の確保","完全密閉",B,"塗装ブースには換気と採光を確保しやすいテント構造が適しています。"
Q313,"産業用製品","資材置き場にテント構造が選ばれる理由は？","高級感","低コストと拡張性","断熱性",B,"資材置き場には低コストで拡張しやすいテント構造が適しています。"
Q314,"産業用製品","廃棄物保管場にテント構造を使うメリットは？","高級感","雨水侵入防止と換気","完全密閉",B,"廃棄物保管には雨水侵入を防ぎつつ換気できるテント構造が適しています。"
Q315,"産業用製品","検品エリアにテント構造が適している理由は？","完全遮光","自然光と広い作業空間","防音性",B,"検品エリアには自然光と広い作業空間を確保できるテント構造が適しています。"
Q316,"農業・畜産用","ワイナリーのブドウ乾燥施設に膜構造が適している理由は？","完全密閉","通気と日除け","完全遮光",B,"ブドウ乾燥には通気と適度な日除けが重要で膜構造が適しています。"
Q317,"農業・畜産用","養蜂施設の作業場に膜構造が適している理由は？","完全密閉","開放的な環境と日除け","遮音性",B,"養蜂作業には開放的な環境と日除けを確保できる膜構造が適しています。"
Q318,"農業・畜産用","茶葉の日干し施設に膜構造が適している理由は？","完全遮光","通気と日光調整","断熱性",B,"茶葉の日干しには通気と日光調整ができる膜構造が適しています。"
Q319,"農業・畜産用","堆肥化施設に膜構造を使うメリットは？","完全密閉","換気と臭気管理","断熱性",B,"堆肥化施設には換気と臭気管理がしやすい膜構造が適しています。"
Q320,"農業・畜産用","種子保管庫に膜構造を使う際の考慮点は？","採光を増やす","温湿度と害虫管理","通気を増やす",B,"種子保管には温湿度と害虫管理への配慮が重要です。"
Q321,"商業用製品","BBQ場の屋根に膜構造が適している理由は？","完全密閉","換気と日除け","断熱性",B,"BBQ場には煙を逃がしつつ日除けができる膜構造が適しています。"
Q322,"商業用製品","釣り堀の休憩所に膜構造が適している理由は？","完全密閉","開放感と日除け","遮音性",B,"釣り堀には開放感と日除けを両立できる膜構造が適しています。"
Q323,"商業用製品","ドッグランの日除けに適した膜構造は？","完全密閉テント","シェードセイル","球体テント",B,"ドッグランには開放的で日除けができるシェードセイルが適しています。"
Q324,"商業用製品","オートキャンプ場の管理棟に膜構造が適している理由は？","高級感","自然との調和とコスト","完全密閉",B,"キャンプ場には自然と調和しつつ低コストな膜構造が適しています。"
Q325,"商業用製品","マリーナの艇庫に膜構造が適している理由は？","完全密閉","塩害対策と大スパン","断熱性",B,"マリーナには塩害に強く大スパンが取れる膜構造が適しています。"
Q326,"イベント製品","ファッションショーの会場に適した膜構造は？","畜舎テント","デザイン性の高い膜構造","テント倉庫",B,"ファッションショーにはデザイン性の高い膜構造が適しています。"
Q327,"イベント製品","自動車展示会に適した膜構造の特徴は？","小型で暗い","大スパンで明るい","完全密閉",B,"自動車展示会には車を美しく見せる大スパンで明るい膜構造が適しています。"
Q328,"イベント製品","結婚式の野外会場に適した膜構造は？","テント倉庫","エレガントなテント","畜舎テント",B,"結婚式にはエレガントで華やかなテントが適しています。"
Q329,"イベント製品","地域の夏祭りに適した膜構造製品は？","大型恒久建築","簡易設営テント","畜舎テント",B,"夏祭りには設営が簡単で移動可能なテントが適しています。"
Q330,"イベント製品","野外映画上映会に適した膜構造は？","完全密閉テント","観客席の日除けシェード","球体テント",B,"野外映画では日中の日除けと夜間の開放感を両立するシェードが適しています。"
Q331,"膜構造・技術","膜構造の設計で重要なシミュレーションは？","色の計算","風荷重と張力解析","重さの計測",B,"膜構造の設計では風荷重と張力解析のシミュレーションが重要です。"
Q332,"膜構造・技術","膜構造のCADソフトで重要な機能は？","色塗り","3D形状と張力計算","テキスト入力",B,"膜構造のCADでは3D形状モデリングと張力計算が重要です。"
Q333,"膜構造・技術","膜構造の製作で重要な工程は？","塗装","裁断と接合","研磨",B,"膜構造の製作では正確な裁断と接合が重要な工程です。"
Q334,"膜構造・技術","膜素材の接合方法として一般的なのは？","ボルト締め","溶着","ネジ止め",B,"膜素材の接合には熱溶着が一般的に使用されます。"
Q335,"膜構造・技術","膜構造の品質管理で重要な検査は？","色味のみ","張力と接合強度","重量のみ",B,"膜構造の品質管理では張力と接合強度の検査が重要です。"
Q336,"業界知識","膜構造業界の将来展望として期待されているのは？","衰退","環境配慮型建築としての普及","現状維持",B,"膜構造は環境配慮型建築として今後の普及が期待されています。"
Q337,"業界知識","膜構造が注目される社会的背景は？","高級志向","省エネ・環境意識の高まり","流行",B,"省エネルギーと環境意識の高まりが膜構造への注目を集めています。"
Q338,"業界知識","膜構造のBCP（事業継続計画）での役割は？","特になし","緊急時の仮設施設","永久建築のみ",B,"膜構造は緊急時の仮設施設としてBCPで重要な役割を果たします。"
Q339,"業界知識","膜構造の災害復興での活用例は？","使用されない","仮設住宅・避難所","永久建築のみ",B,"膜構造は災害時の仮設住宅や避難所として活用されます。"
Q340,"業界知識","膜構造のスマートビルへの応用は？","不可能","センサーや制御との統合","装飾のみ",B,"膜構造はセンサーや制御システムと統合したスマートビルに応用可能です。"
Q341,"会社情報","山口産業の社員教育で重視していることは？","机上の学習のみ","現場経験と技術習得","外部研修のみ",B,"山口産業は現場経験と技術習得を重視した社員教育を行っています。"
Q342,"会社情報","山口産業の顧客サポートの特徴は？","販売のみ","アフターフォローの充実","最低限の対応",B,"山口産業はアフターフォローを充実させ、長期的な顧客関係を大切にしています。"
Q343,"会社情報","山口産業が取り組んでいる地域貢献活動は？","特になし","地域イベント支援など","利益追求のみ",B,"山口産業は地域イベントの支援など地域貢献活動に取り組んでいます。"
Q344,"会社情報","山口産業の安全管理の取り組みは？","最低限","徹底した安全教育と対策","外部任せ",B,"山口産業は徹底した安全教育と対策で安全管理に取り組んでいます。"
Q345,"会社情報","山口産業の環境への取り組みは？","特になし","環境配慮型製品の開発","法令対応のみ",B,"山口産業は環境配慮型製品の開発に積極的に取り組んでいます。"
Q346,"産業用製品","木材乾燥施設にテント構造が適している理由は？","完全密閉","通気と温度管理","遮光性",B,"木材乾燥には通気と温度管理がしやすいテント構造が適しています。"
Q347,"産業用製品","鋳造工場の副資材置き場にテント構造が適している理由は？","高温対応","低コストと短納期","完全密閉",B,"副資材置き場には低コストで短納期のテント構造が適しています。"
Q348,"産業用製品","印刷工場の紙資材保管にテント構造を使う際の注意点は？","特になし","湿度管理","採光を増やす",B,"紙資材保管には湿度管理への配慮が必要です。"
Q349,"産業用製品","自動車部品工場の一時保管にテント構造が選ばれる理由は？","高級感","フレキシビリティ","永久設置",B,"自動車部品の一時保管には需要変動に対応できるフレキシビリティが重要です。"
Q350,"産業用製品","電子部品工場のクリーンエリアにテント構造を使う場合の配慮は？","採光重視","クリーン度の確保","通気を増やす",B,"電子部品工場ではクリーン度の確保への配慮が必要です。"
Q351,"農業・畜産用","しいたけ栽培施設に膜構造が適している理由は？","強い日光","遮光と湿度管理","完全乾燥",B,"しいたけ栽培には遮光と湿度管理ができる膜構造が適しています。"
Q352,"農業・畜産用","果樹園の選果場に膜構造が適している理由は？","完全密閉","採光と大空間","断熱性",B,"選果場には採光と大きな作業空間を確保できる膜構造が適しています。"
Q353,"農業・畜産用","牧場の飼料保管庫に膜構造が適している理由は？","高級感","通気と防雨","完全密閉",B,"飼料保管には通気と防雨を両立できる膜構造が適しています。"
Q354,"農業・畜産用","養豚場の日除けシェードに膜構造が適している理由は？","完全遮光","通気と暑熱対策","保温",B,"養豚場には通気と暑熱対策ができる膜構造が適しています。"
Q355,"農業・畜産用","稲作の育苗施設に膜構造が適している理由は？","完全密閉","採光と温度調整","完全遮光",B,"育苗施設には採光と温度調整ができる膜構造が適しています。"
Q356,"商業用製品","ゴルフ練習場の屋根に膜構造が適している理由は？","完全密閉","大スパンと採光","遮音性",B,"ゴルフ練習場には柱のない大スパンと自然な採光が重要です。"
Q357,"商業用製品","屋外プレイグラウンドの日除けに適した膜構造は？","完全密閉テント","カラフルなシェードセイル","畜舎テント",B,"プレイグラウンドには楽しい雰囲気のカラフルなシェードセイルが適しています。"
Q358,"商業用製品","バス停の雨除けに膜構造が適している理由は？","完全密閉","軽量とデザイン性","断熱性",B,"バス停には軽量でデザイン性の高い膜構造が適しています。"
Q359,"商業用製品","屋外カフェの日除けに適した膜構造は？","テント倉庫","パラソルやオーニング","畜舎テント",B,"屋外カフェにはおしゃれなパラソルやオーニングが適しています。"
Q360,"商業用製品","ショッピングモールの中庭に膜構造が適している理由は？","完全密閉","採光とデザイン性","遮音性",B,"中庭には自然光を取り入れつつデザイン性の高い膜構造が適しています。"
Q361,"イベント製品","地方物産展に適したテントの特徴は？","完全密閉","設営が簡単で目立つ","永久設置",B,"物産展には設営が簡単で来場者の目を引くテントが適しています。"
Q362,"イベント製品","子供向けイベントに適したテントの特徴は？","地味な色","カラフルで安全","高さがある",B,"子供向けイベントにはカラフルで安全なテントが適しています。"
Q363,"イベント製品","マラソン大会の給水所に適したテントは？","大型密閉テント","簡易テント","球体テント",B,"給水所には素早く設営できる簡易テントが適しています。"
Q364,"イベント製品","学園祭の模擬店に適したテントは？","大型恒久建築","簡易設営テント","畜舎テント",B,"学園祭には手軽に設営できる簡易テントが適しています。"
Q365,"イベント製品","ビーチイベントに適したテントの特徴は？","重い構造","風に強く砂浜設置可能","完全密閉",B,"ビーチイベントには風に強く砂浜に設置できるテントが適しています。"
Q366,"膜構造・技術","膜構造の施工で重要な作業は？","塗装","張力調整","研磨",B,"膜構造の施工では正確な張力調整が重要な作業です。"
Q367,"膜構造・技術","膜構造のメンテナンスで定期的に行うべきことは？","張り替え","清掃と点検","塗装",B,"膜構造のメンテナンスでは定期的な清掃と点検が重要です。"
Q368,"膜構造・技術","膜構造の異常を早期発見するためには？","年1回の確認","定期的な目視点検","問題発生時のみ確認",B,"膜構造の異常を早期発見するには定期的な目視点検が重要です。"
Q369,"膜構造・技術","膜構造の長寿命化に有効な方法は？","放置する","適切なメンテナンス","使用を控える",B,"膜構造の長寿命化には適切なメンテナンスが有効です。"
Q370,"膜構造・技術","膜構造の更新計画で考慮すべきことは？","色のみ","劣化状況と使用目的","サイズのみ",B,"更新計画では膜の劣化状況と将来の使用目的を考慮します。"
Q371,"業界知識","膜構造の市場で成長が期待される分野は？","縮小傾向","環境・省エネ分野","変化なし",B,"環境意識の高まりで環境・省エネ分野での成長が期待されています。"
Q372,"業界知識","膜構造業界の技術革新の方向性は？","従来技術維持","高機能化と自動化","簡素化のみ",B,"膜構造業界は高機能化と製造の自動化に向けて技術革新が進んでいます。"
Q373,"業界知識","膜構造の国際競争力を高めるには？","価格競争のみ","技術力とブランド力","国内販売のみ",B,"国際競争力には技術力とブランド力の向上が重要です。"
Q374,"業界知識","膜構造業界の人材確保の課題は？","問題なし","技術者の育成と確保","人員削減",B,"膜構造業界では技術者の育成と確保が課題となっています。"
Q375,"業界知識","膜構造のデジタル化の取り組みは？","不要","設計から施工までのDX","紙ベース維持",B,"膜構造業界でも設計から施工までのデジタルトランスフォーメーションが進んでいます。"
Q376,"会社情報","山口産業のデジタル活用の方針は？","従来通り","積極的なDX推進","最小限",B,"山口産業は積極的なデジタルトランスフォーメーションを推進しています。"
Q377,"会社情報","山口産業の品質方針の基本は？","コスト優先","顧客満足の追求","スピード優先",B,"山口産業の品質方針は顧客満足の追求を基本としています。"
Q378,"会社情報","山口産業の技術開発の方向性は？","現状維持","革新と改善の継続","外部依存",B,"山口産業は革新と改善を継続して技術開発に取り組んでいます。"
Q379,"会社情報","山口産業の社会的責任への取り組みは？","利益優先","持続可能な社会への貢献","最低限の対応",B,"山口産業は持続可能な社会への貢献を重視しています。"
Q380,"会社情報","山口産業の今後の成長戦略は？","縮小均衡","新分野開拓と既存強化","現状維持",B,"山口産業は新分野の開拓と既存事業の強化で成長を目指しています。"
Q381,"産業用製品","半導体工場の機材保管にテント構造が検討される理由は？","高級感","迅速な設置と移設","永久設置",B,"半導体工場では生産変動に応じた迅速な設置と移設が求められます。"
Q382,"産業用製品","化学工場の屋外保管にテント構造を使う際の考慮点は？","特になし","化学物質への耐性","採光を増やす",B,"化学工場では化学物質に対する膜素材の耐性を考慮する必要があります。"
Q383,"産業用製品","金属加工工場の作業場にテント構造が適している理由は？","完全防音","採光と換気","断熱性",B,"金属加工作業場には採光と換気を確保できるテント構造が適しています。"
Q384,"産業用製品","繊維工場の原料保管にテント構造が選ばれる理由は？","高級感","通気と防湿","完全密閉",B,"繊維原料保管には通気と防湿を確保できるテント構造が適しています。"
Q385,"産業用製品","プラスチック成形工場の製品保管にテント構造が適している理由は？","高温対応","低コストと拡張性","完全遮光",B,"製品保管には低コストで拡張可能なテント構造が適しています。"
Q386,"農業・畜産用","酪農場の搾乳施設に膜構造が適している理由は？","完全密閉","通気と採光","遮音性",B,"搾乳施設には通気と採光を確保できる膜構造が適しています。"
Q387,"農業・畜産用","花卉栽培の作業場に膜構造が適している理由は？","完全遮光","採光調整と温度管理","断熱性",B,"花卉栽培には採光調整と温度管理ができる膜構造が適しています。"
Q388,"農業・畜産用","観光農園の休憩所に膜構造が適している理由は？","完全密閉","開放感と景観","断熱性",B,"観光農園には開放感があり景観を楽しめる膜構造が適しています。"
Q389,"農業・畜産用","水産加工場の日除けに膜構造が適している理由は？","完全密閉","耐塩性と衛生管理","断熱性",B,"水産加工場には耐塩性があり衛生管理しやすい膜構造が適しています。"
Q390,"農業・畜産用","きのこ菌床製造施設に膜構造を使う際の配慮点は？","採光を増やす","温湿度と衛生管理","通気を止める",B,"菌床製造には温湿度と衛生管理への配慮が必要です。"
Q391,"商業用製品","スケートリンクの観覧席に膜構造が適している理由は？","完全密閉","大スパンと視界確保","遮音性",B,"観覧席には大スパンで視界を確保できる膜構造が適しています。"
Q392,"商業用製品","ボウリング場の増設に膜構造が検討される理由は？","高級感","短工期と低コスト","完全防音",B,"施設増設には短工期で低コストの膜構造が検討されます。"
Q393,"商業用製品","遊園地の日除けに膜構造が適している理由は？","完全密閉","カラフルで楽しい雰囲気","断熱性",B,"遊園地にはカラフルで楽しい雰囲気の膜構造が適しています。"
Q394,"商業用製品","動物園の観覧通路に膜構造が適している理由は？","完全密閉","開放感と日除け","遮音性",B,"動物園には開放感と日除けを両立できる膜構造が適しています。"
Q395,"商業用製品","水族館の屋外展示に膜構造が適している理由は？","完全遮光","自然光と開放感","断熱性",B,"屋外展示には自然光と開放感を活かせる膜構造が適しています。"
Q396,"イベント製品","野外コンサートの観客エリアに適した膜構造は？","完全密閉テント","大型シェード","球体テント",B,"野外コンサートには大勢を収容できる大型シェードが適しています。"
Q397,"イベント製品","スポーツイベントの選手控室に適した製品は？","オープンシェード","プライバシーを確保できるテント","エアアーチ",B,"選手控室にはプライバシーを確保できるテントが適しています。"
Q398,"イベント製品","フリーマーケットに適したテントの特徴は？","大型固定式","個人設営可能な簡易テント","完全密閉",B,"フリーマーケットには個人で設営できる簡易テントが適しています。"
Q399,"イベント製品","防災訓練のテント設営体験に適した製品は？","大型恒久建築","組み立て体験用テント","エアアーチ",B,"防災訓練には組み立て体験ができるテントが適しています。"
Q400,"イベント製品","献血イベントに適したテントの特徴は？","オープン構造","プライバシーと空調確保","装飾重視",B,"献血イベントにはプライバシーと空調を確保できるテントが適しています。"
Q401,"膜構造・技術","膜構造の3Dプリント活用の可能性は？","不可能","部品製作への応用","膜全体の印刷",B,"3Dプリントは膜構造の部品製作に応用可能です。"
Q402,"膜構造・技術","膜構造のIoT活用例は？","不可能","状態監視センサー","装飾のみ",B,"IoTセンサーで膜の状態を監視することが可能です。"
Q403,"膜構造・技術","膜構造のAI活用の方向性は？","不要","設計最適化と予測保全","販売のみ",B,"AIは膜構造の設計最適化と予測保全に活用できます。"
Q404,"膜構造・技術","膜構造のドローン活用例は？","不可能","点検と測量","設置のみ",B,"ドローンは膜構造の点検と測量に活用できます。"
Q405,"膜構造・技術","膜構造のVR/AR活用例は？","不可能","設計シミュレーション","娯楽のみ",B,"VR/ARは膜構造の設計シミュレーションに活用できます。"
Q406,"業界知識","膜構造のサステナビリティへの貢献は？","貢献なし","軽量化と省資源","環境負荷大",B,"膜構造は軽量化と省資源でサステナビリティに貢献します。"
Q407,"業界知識","膜構造のカーボンニュートラルへの取り組みは？","対象外","省エネと再生材活用","影響なし",B,"省エネと再生材活用でカーボンニュートラルに貢献します。"
Q408,"業界知識","膜構造のSDGs関連の取り組みは？","無関係","持続可能な都市づくり","対象外",B,"膜構造は持続可能な都市づくりに貢献しています。"
Q409,"業界知識","膜構造のグリーンビルディング認証への対応は？","対象外","認証取得に貢献","影響なし",B,"膜構造はグリーンビルディング認証の取得に貢献できます。"
Q410,"業界知識","膜構造の省エネ建築への貢献は？","なし","自然採光と断熱","エネルギー消費大",B,"膜構造は自然採光と断熱性能で省エネに貢献します。"
Q411,"会社情報","山口産業のイノベーションへの姿勢は？","保守的","積極的な挑戦","外部依存",B,"山口産業はイノベーションに積極的に挑戦しています。"
Q412,"会社情報","山口産業の顧客との関係構築の方針は？","取引のみ","長期的なパートナーシップ","最小限の接触",B,"山口産業は顧客と長期的なパートナーシップを築くことを重視しています。"
Q413,"会社情報","山口産業の若手育成の方針は？","放任","OJTと体系的教育","即戦力のみ採用",B,"山口産業はOJTと体系的教育で若手を育成しています。"
Q414,"会社情報","山口産業の技術継承の取り組みは？","特になし","ベテランから若手への伝承","マニュアル化のみ",B,"山口産業はベテランから若手への技術伝承に取り組んでいます。"
Q415,"会社情報","山口産業の働き方改革の取り組みは？","従来通り","効率化と働きやすさ向上","最小限",B,"山口産業は効率化と働きやすさ向上に取り組んでいます。"
Q416,"産業用製品","食品工場の洗浄エリアにテント構造が適している理由は？","完全密閉","排水と換気の確保","断熱性",B,"洗浄エリアには排水と換気を確保できるテント構造が適しています。"
Q417,"産業用製品","医薬品工場の資材保管にテント構造を使う際の考慮点は？","特になし","温湿度と清浄度管理","採光を増やす",B,"医薬品資材保管には温湿度と清浄度管理への配慮が必要です。"
Q418,"産業用製品","石油化学プラントの仮設施設にテント構造が選ばれる理由は？","永久設置","設置撤去の容易さ","高級感",B,"プラントの仮設施設には設置撤去が容易なテント構造が選ばれます。"
Q419,"産業用製品","リサイクル施設にテント構造が適している理由は？","完全密閉","大空間と換気","断熱性",B,"リサイクル施設には大きな作業空間と換気を確保できるテント構造が適しています。"
Q420,"産業用製品","太陽光発電施設の機材保管にテント構造が適している理由は？","発電機能","低コストと迅速設置","永久設置",B,"機材保管には低コストで迅速に設置できるテント構造が適しています。"
Q421,"農業・畜産用","アスパラガス栽培ハウスに膜構造が適している理由は？","完全遮光","採光と保温","完全密閉",B,"アスパラガス栽培には採光と保温ができる膜構造が適しています。"
Q422,"農業・畜産用","ブルーベリー栽培の雨除けに膜構造が適している理由は？","完全遮光","雨除けと通気","完全密閉",B,"ブルーベリー栽培には雨除けと通気を確保できる膜構造が適しています。"
Q423,"農業・畜産用","山羊舎に膜構造が適している理由は？","完全密閉","通気と採光","遮音性",B,"山羊舎には通気と採光を確保できる膜構造が適しています。"
Q424,"農業・畜産用","養殖池の日除けに膜構造が適している理由は？","完全遮光","水温調整と紫外線カット","保温",B,"養殖池には水温調整と紫外線カットができる膜構造が適しています。"
Q425,"農業・畜産用","農業法人の資材倉庫に膜構造が選ばれる理由は？","高級感","低コストと拡張性","永久建築",B,"資材倉庫には低コストで拡張可能な膜構造が適しています。"
Q426,"商業用製品","コワーキングスペースの屋外エリアに膜構造が適している理由は？","完全密閉","開放感と自然光","遮音性",B,"屋外エリアには開放感と自然光を楽しめる膜構造が適しています。"
Q427,"商業用製品","フィットネスジムの屋外スペースに膜構造が適している理由は？","完全密閉","換気と開放感","遮音性",B,"フィットネスの屋外スペースには換気と開放感が重要です。"
Q428,"商業用製品","ヨガスタジオの屋外クラスに膜構造が適している理由は？","完全密閉","自然との調和","完全遮光",B,"ヨガには自然と調和した開放的な膜構造が適しています。"
Q429,"商業用製品","ウェディング会場の屋外式場に膜構造が適している理由は？","低コスト重視","エレガントで開放的","完全密閉",B,"ウェディングにはエレガントで開放的な膜構造が適しています。"
Q430,"商業用製品","美術館の屋外展示に膜構造が適している理由は？","完全遮光","自然光とデザイン性","完全密閉",B,"屋外展示には自然光を活かしたデザイン性の高い膜構造が適しています。"
Q431,"イベント製品","テレビ中継ブースに適したテントの特徴は？","完全透明","遮音と空調確保","超大型",B,"中継ブースには遮音と空調を確保できるテントが適しています。"
Q432,"イベント製品","アウトドア料理教室に適したテントは？","完全密閉","換気と作業スペース確保","極小サイズ",B,"料理教室には換気と作業スペースを確保できるテントが適しています。"
Q433,"イベント製品","星空観察イベントに適した膜構造は？","完全密閉","開閉式屋根","完全固定屋根",B,"星空観察には空が見える開閉式の膜構造が適しています。"
Q434,"イベント製品","釣り大会の本部テントに適した製品は？","超大型テント","設営簡単な中型テント","球体テント",B,"釣り大会の本部には設営が簡単な中型テントが適しています。"
Q435,"イベント製品","ペットイベントに適したテントの特徴は？","高温密閉","換気と衛生管理","完全遮光",B,"ペットイベントには換気と衛生管理がしやすいテントが適しています。"
Q436,"膜構造・技術","膜構造の耐候性を高める処理は？","無処理","UV加工とコーティング","薄くする",B,"膜の耐候性はUV加工とコーティングで高められます。"
Q437,"膜構造・技術","膜構造の防汚性を高める技術は？","無処理","フッ素加工","表面を粗くする",B,"フッ素加工で膜の防汚性を高めることができます。"
Q438,"膜構造・技術","膜構造の透光性を調整する方法は？","固定のみ","素材と厚みの選択","不可能",B,"膜の透光性は素材と厚みの選択で調整できます。"
Q439,"膜構造・技術","膜構造の断熱性を高める方法は？","不可能","二重膜と断熱材","薄くする",B,"二重膜構造や断熱材の使用で断熱性を高められます。"
Q440,"膜構造・技術","膜構造の遮熱性を高める技術は？","黒色膜使用","遮熱コーティング","不可能",B,"遮熱コーティングで膜の遮熱性を高めることができます。"
Q441,"業界知識","膜構造の需要が増加している建築分野は？","減少傾向","スポーツ・レジャー施設","変化なし",B,"スポーツ・レジャー施設で膜構造の需要が増加しています。"
Q442,"業界知識","膜構造が注目される医療分野での活用は？","使用不可","仮設医療施設","装飾のみ",B,"膜構造は仮設医療施設として医療分野でも活用されています。"
Q443,"業界知識","膜構造の教育施設での活用例は？","使用不可","体育館・日除け","装飾のみ",B,"膜構造は学校の体育館や日除けなどに活用されています。"
Q444,"業界知識","膜構造の交通インフラでの活用例は？","使用不可","駅や空港の屋根","道路のみ",B,"膜構造は駅や空港の屋根として交通インフラに活用されています。"
Q445,"業界知識","膜構造のエンターテインメント施設での活用は？","使用不可","スタジアム・テーマパーク","装飾のみ",B,"膜構造はスタジアムやテーマパークで活用されています。"
Q446,"会社情報","山口産業のコンプライアンスへの取り組みは？","最低限","法令遵守と倫理経営","形式的",B,"山口産業は法令遵守と倫理経営に取り組んでいます。"
Q447,"会社情報","山口産業のリスク管理の方針は？","問題発生後対応","予防と早期対応","放任",B,"山口産業はリスクの予防と早期対応を重視しています。"
Q448,"会社情報","山口産業の情報セキュリティへの取り組みは？","最低限","体系的な管理","対応なし",B,"山口産業は情報セキュリティの体系的な管理に取り組んでいます。"
Q449,"会社情報","山口産業のBCP（事業継続計画）への取り組みは？","未策定","計画策定と訓練","形式的",B,"山口産業はBCPの策定と訓練に取り組んでいます。"
Q450,"会社情報","山口産業の品質管理システムの特徴は？","最低限","継続的改善","固定的",B,"山口産業の品質管理システムは継続的改善を特徴としています。"
Q451,"産業用製品","データセンターの仮設冷却施設にテント構造が使われる理由は？","永久設置","迅速な設置と撤去","高級感",B,"仮設施設には迅速に設置撤去できるテント構造が適しています。"
Q452,"産業用製品","建設現場の養生テントに膜構造が使われる理由は？","永久設置","軽量で設置容易","断熱性",B,"養生テントには軽量で設置が容易な膜構造が適しています。"
Q453,"産業用製品","造船所の作業場にテント構造が検討される理由は？","小型化","大スパンと採光","完全密閉",B,"造船所には大スパンと採光を確保できるテント構造が検討されます。"
Q454,"産業用製品","風力発電施設のメンテナンス拠点にテント構造が適している理由は？","永久建築","設置の柔軟性","完全密閉",B,"メンテナンス拠点には設置場所の柔軟性があるテント構造が適しています。"
Q455,"産業用製品","鉄道車両の保守施設にテント構造が適している理由は？","小型化","大開口と大空間","完全密閉",B,"車両保守には大開口と大空間を確保できるテント構造が適しています。"
Q456,"農業・畜産用","バナナ栽培ハウスに膜構造が適している理由は？","完全遮光","保温と採光","完全乾燥",B,"バナナ栽培には保温と採光ができる膜構造が適しています。"
Q457,"農業・畜産用","マンゴー栽培ハウスに膜構造が適している理由は？","完全遮光","温度管理と採光","完全乾燥",B,"マンゴー栽培には温度管理と採光ができる膜構造が適しています。"
Q458,"農業・畜産用","有機野菜栽培施設に膜構造が適している理由は？","農薬散布","害虫防除と採光","完全密閉",B,"有機栽培には害虫防除と採光を確保できる膜構造が適しています。"
Q459,"農業・畜産用","養鶏場の日除けに膜構造が適している理由は？","完全遮光","通気と暑熱対策","保温のみ",B,"養鶏場には通気と暑熱対策ができる膜構造が適しています。"
Q460,"農業・畜産用","農業体験施設に膜構造が適している理由は？","完全密閉","開放感と自然体験","遮音性",B,"農業体験には開放感と自然を感じられる膜構造が適しています。"
Q461,"商業用製品","グランピング施設の共用スペースに膜構造が適している理由は？","完全密閉","開放感と雰囲気","遮音性",B,"グランピングには開放感と雰囲気を演出できる膜構造が適しています。"
Q462,"商業用製品","サウナ施設の外気浴スペースに膜構造が適している理由は？","完全密閉","通気と日除け","保温",B,"外気浴には通気と日除けを確保できる膜構造が適しています。"
Q463,"商業用製品","ペットホテルの運動場に膜構造が適している理由は？","完全密閉","通気と日除け","遮音性",B,"ペットの運動場には通気と日除けを確保できる膜構造が適しています。"
Q464,"商業用製品","乗馬クラブの練習場に膜構造が適している理由は？","完全密閉","大スパンと通気","遮音性",B,"乗馬練習場には大スパンと通気を確保できる膜構造が適しています。"
Q465,"商業用製品","アーチェリー場に膜構造が適している理由は？","完全密閉","長距離の大空間確保","遮音性",B,"アーチェリー場には長距離の大空間を確保できる膜構造が適しています。"
Q466,"イベント製品","ランニングイベントのスタート・ゴール地点に適した製品は？","大型恒久建築","ゲートテントやエアアーチ","畜舎テント",B,"スタート・ゴール地点にはゲートテントやエアアーチが適しています。"
Q467,"イベント製品","サイクリングイベントの中継地点に適した製品は？","大型恒久建築","簡易設営テント","球体テント",B,"中継地点には素早く設営できる簡易テントが適しています。"
Q468,"イベント製品","トライアスロンの選手待機所に適した製品は？","完全密閉テント","通気と日除けを確保したテント","超小型テント",B,"選手待機所には通気と日除けを確保できるテントが適しています。"
Q469,"イベント製品","屋外ワークショップに適したテントの特徴は？","完全密閉","作業スペースと採光","超小型",B,"ワークショップには十分な作業スペースと採光が重要です。"
Q470,"イベント製品","野外礼拝の会場に適した膜構造は？","完全密閉","開放的で荘厳な雰囲気","カラフル",B,"礼拝会場には開放的で荘厳な雰囲気の膜構造が適しています。"
Q471,"膜構造・技術","膜構造の音響性能に影響する要素は？","色のみ","形状と素材","サイズのみ",B,"膜構造の音響性能は形状と素材に影響されます。"
Q472,"膜構造・技術","膜構造の照明計画で考慮すべきことは？","明るさのみ","透光性と反射","色のみ",B,"照明計画では膜の透光性と反射特性を考慮します。"
Q473,"膜構造・技術","膜構造の排水計画で重要なことは？","不要","勾配と排水口配置","膜の色",B,"排水計画では適切な勾配と排水口の配置が重要です。"
Q474,"膜構造・技術","膜構造の積雪対策として有効な方法は？","放置","勾配と融雪装置","色を変える",B,"積雪対策には適切な勾配と融雪装置が有効です。"
Q475,"膜構造・技術","膜構造の台風対策として重要なことは？","色を変える","固定方法と強度計算","サイズを変える",B,"台風対策には適切な固定方法と強度計算が重要です。"
Q476,"業界知識","膜構造の海外市場で需要が高い地域は？","需要なし","中東・東南アジア","減少傾向",B,"中東や東南アジアで膜構造の需要が高まっています。"
Q477,"業界知識","膜構造業界の国際標準化の動向は？","不要","ISO規格の整備","各国独自",B,"膜構造業界ではISO規格の整備が進んでいます。"
Q478,"業界知識","膜構造の学術研究の動向は？","停滞","新素材と構造解析の進展","縮小",B,"膜構造の学術研究では新素材と構造解析が進展しています。"
Q479,"業界知識","膜構造業界の産学連携の取り組みは？","なし","共同研究と人材育成","縮小",B,"産学連携で共同研究と人材育成が進んでいます。"
Q480,"業界知識","膜構造の展示会・学会の役割は？","不要","情報交換と技術普及","販売のみ",B,"展示会・学会は情報交換と技術普及の場として重要です。"
Q481,"会社情報","山口産業の海外展開の方針は？","国内のみ","技術力を活かした展開","撤退",B,"山口産業は技術力を活かした海外展開を目指しています。"
Q482,"会社情報","山口産業の協力会社との関係は？","取引のみ","パートナーシップ","最小限",B,"山口産業は協力会社とパートナーシップを築いています。"
Q483,"会社情報","山口産業の営業スタイルの特徴は？","押し売り","提案型営業","待ちの姿勢",B,"山口産業は顧客のニーズに応える提案型営業を行っています。"
Q484,"会社情報","山口産業の見積対応の特徴は？","時間がかかる","迅速で詳細","簡易的",B,"山口産業は迅速で詳細な見積対応を心がけています。"
Q485,"会社情報","山口産業のクレーム対応の方針は？","回避","誠実で迅速な対応","最小限",B,"山口産業はクレームに誠実で迅速に対応しています。"
Q486,"産業用製品","港湾の荷さばき場にテント構造が適している理由は？","完全密閉","大スパンと耐塩性","断熱性",B,"港湾施設には大スパンと耐塩性を備えたテント構造が適しています。"
Q487,"産業用製品","空港の貨物ターミナルにテント構造が検討される理由は？","小型化","大空間と迅速な設置","永久建築",B,"貨物ターミナルには大空間を迅速に確保できるテント構造が検討されます。"
Q488,"産業用製品","物流センターの仮設増設にテント構造が選ばれる理由は？","永久設置","短工期と低コスト","高級感",B,"仮設増設には短工期で低コストのテント構造が選ばれます。"
Q489,"産業用製品","発電所の仮設作業場にテント構造が使われる理由は？","永久設置","設置撤去の容易さ","発電機能",B,"仮設作業場には設置撤去が容易なテント構造が使われます。"
Q490,"産業用製品","工場のリニューアル時の仮設施設にテント構造が適している理由は？","永久設置","一時的な利用に最適","高級感",B,"リニューアル時の一時的な利用にはテント構造が最適です。"
Q491,"農業・畜産用","観光いちご園に膜構造が適している理由は？","完全遮光","採光と清潔感","完全密閉",B,"観光農園には採光と清潔感を確保できる膜構造が適しています。"
Q492,"農業・畜産用","ハーブ園の栽培施設に膜構造が適している理由は？","完全遮光","採光と通気","完全密閉",B,"ハーブ栽培には採光と通気を確保できる膜構造が適しています。"
Q493,"農業・畜産用","農産物直売所に膜構造が適している理由は？","完全密閉","開放的な雰囲気","遮音性",B,"直売所には開放的で入りやすい雰囲気の膜構造が適しています。"
Q494,"農業・畜産用","牧場の見学施設に膜構造が適している理由は？","完全密閉","開放感と自然との調和","遮音性",B,"見学施設には開放感と自然との調和がある膜構造が適しています。"
Q495,"農業・畜産用","農業研修施設に膜構造が適している理由は？","完全密閉","実習スペースと採光","遮音性",B,"研修施設には十分な実習スペースと採光が重要です。"
Q496,"商業用製品","屋外スケートボードパークに膜構造が適している理由は？","完全密閉","日除けと開放感","遮音性",B,"スケートボードパークには日除けと開放感を確保できる膜構造が適しています。"
Q497,"商業用製品","ボルダリング施設に膜構造が検討される理由は？","完全密閉","大空間と採光","完全遮光",B,"ボルダリング施設には大空間と採光を確保できる膜構造が適しています。"
Q498,"商業用製品","サバイバルゲームフィールドの休憩所に膜構造が適している理由は？","完全密閉","通気と日除け","遮音性",B,"休憩所には通気と日除けを確保できる膜構造が適しています。"
Q499,"商業用製品","パターゴルフ場の日除けに膜構造が適している理由は？","完全密閉","開放感と景観","遮音性",B,"パターゴルフ場には開放感と景観を楽しめる膜構造が適しています。"
Q500,"会社情報","山口産業が目指す未来像は？","現状維持","膜構造のリーディングカンパニー","縮小均衡",B,"山口産業は膜構造業界のリーディングカンパニーを目指しています。"